index,sender,receiver,submitted,confirmed,failed,tx_hash,block_number,gas_used,submitted_at,confirmed_at,latency_ms,error
1,0x70997970C51812dc3A010C7d01b50e0d17dc79C8,0x3C44CdDdB6a900fa2b585dd299e03d12FA4293BC,true,true,false,0x8dd2f034eaf3b9cc6cac2b06753671de2449692c52188b7c97d21d2c32f0faf8,1011,207616,1789654071617,1789654073779,2162,
2,0x3C44CdDdB6a900fa2b585dd299e03d12FA4293BC,0x90F79bf6EB2c4f870365E785982E1f101E93b906,true,true,false,0xdc9ecf4b38bff80ac11d9756b0fb8ee51975acb6b3981eed73442e50c92098ec,1011,207616,1789654071726,1789654073784,2058,
3,0x90F79bf6EB2c4f870365E785982E1f101E93b906,0x15d34AAf54267DB7D7c367839AAf71A00a2C6A65,true,true,false,0xf6c0a7f91f912eb8e1dda3bf0d0f4bf5977f940e5949704695a4ab004bfb9e7e,1011,207628,1789654071825,1789654073779,1954,
4,0x15d34AAf54267DB7D7c367839AAf71A00a2C6A65,0x9965507D1a55bcC2695C58ba16FB37d819B0A4dc,true,true,false,0x4373d5d7643479ceed2983cfdf3a889f90a7d5b4f560890429383486a62e069a,1011,207628,1789654071930,1789654073783,1853,
5,0x9965507D1a55bcC2695C58ba16FB37d819B0A4dc,0x976EA74026E726554dB657fA54763abd0C3a0aa9,true,true,false,0x669271a5397adf299ced6fef67ce63d048cf8acf4fa58b1e2f1dc46e1e3c1862,1011,207628,1789654072019,1789654073786,1767,
6,0x976EA74026E726554dB657fA54763abd0C3a0aa9,0x14dC79964da2C08b23698B3D3cc7Ca32193d9955,true,true,false,0x1fff3cf768466fd43957dc317bf2d76af7b974abd3646b1771561616a8f82056,1011,207628,1789654072126,1789654073783,1657,
7,0x14dC79964da2C08b23698B3D3cc7Ca32193d9955,0x23618e81E3f5cdF7f54C3d65f7FBc0aBf5B21E8f,true,true,false,0x5a615d317f44b53328376300d4a2c2109be11439e69c59e9b479afedb515959c,1011,207628,1789654072231,1789654073778,1547,
8,0x23618e81E3f5cdF7f54C3d65f7FBc0aBf5B21E8f,0xa0Ee7A142d267C1f36714E4a8F75612F20a79720,true,true,false,0x573bd0aba1d6430420b14d7330b85c312ae7de04bcd99ea1cd1be825faab1b65,1011,207628,1789654072313,1789654073781,1468,
9,0xa0Ee7A142d267C1f36714E4a8F75612F20a79720,0xBcd4042DE499D14e55001CcbB24a551F3b954096,true,true,false,0xc6ccc48e53067476fe7ca018e1a4046f8c77836cddbd9bbc6084c466ac624d0f,1011,207616,1789654072420,1789654073786,1366,
10,0xBcd4042DE499D14e55001CcbB24a551F3b954096,0x71bE63f3384f5fb98995898A86B02Fb2426c5788,true,true,false,0x035922b0097eb3102007eb5bf802b280b160e48e5b504ba26a29e2b6bbe29be5,1011,207592,1789654072516,1789654073780,1264,
11,0x71bE63f3384f5fb98995898A86B02Fb2426c5788,0xFABB0ac9d68B0B445fB7357272Ff202C5651694a,true,true,false,0x0b23fb1c4c66263b038f9d3b1cd3bd881304f46995b74bcba9500fb642b9e11c,1011,207628,1789654072608,1789654073785,1177,
12,0xFABB0ac9d68B0B445fB7357272Ff202C5651694a,0x1CBd3b2770909D4e10f157cABC84C7264073C9Ec,true,true,false,0x8258161b3d3b8495f928ce97e7f08dc6fc8057ec3ea366c8604cf1d67bb34099,1011,207628,1789654072724,1789654073782,1058,
13,0x1CBd3b2770909D4e10f157cABC84C7264073C9Ec,0xdF3e18d64BC6A983f673Ab319CCaE4f1a57C7097,true,true,false,0x37e72e80702c76a488c0b324c82360d615b5a8bb6a47ebdba1a1c5396ac893e9,1011,207616,1789654072819,1789654073785,966,
14,0xdF3e18d64BC6A983f673Ab319CCaE4f1a57C7097,0xcd3B766CCDd6AE721141F452C550Ca635964ce71,true,true,false,0x0d4d6d3e423de5cba63f8dea74615afdea880a25ced6109dfdcd2e3d7ca74ffb,1011,207604,1789654072922,1789654073780,858,
15,0xcd3B766CCDd6AE721141F452C550Ca635964ce71,0x2546BcD3c84621e976D8185a91A922aE77ECEc30,true,true,false,0x7fb6fc10a040013ab3986cd3e86ccecdf0914b361729d5989878317c0af69265,1011,207628,1789654073025,1789654073786,761,
16,0x2546BcD3c84621e976D8185a91A922aE77ECEc30,0xbDA5747bFD65F08deb54cb465eB87D40e51B197E,true,true,false,0xe2df160b9c5ba21fef0653eab4ff52d7d372be2ede2649ba05e85d6ae0a1ab8b,1011,207628,1789654073126,1789654073780,654,
17,0xbDA5747bFD65F08deb54cb465eB87D40e51B197E,0xdD2FD4581271e230360230F9337D5c0430Bf44C0,true,true,false,0xee42de0783e631f853024691d3bb343909129aba09babc2f0a725c0f8b20f67c,1011,207628,1789654073221,1789654073785,564,
18,0xdD2FD4581271e230360230F9337D5c0430Bf44C0,0x8626f6940E2eb28930eFb4CeF49B2d1F2C9C1199,true,true,false,0x10eda8214c8d763f3f30ee612d0cabbf388f70dbf2db41ec5ff8893d1e2b2cbc,1011,207628,1789654073320,1789654073780,460,
19,0x8626f6940E2eb28930eFb4CeF49B2d1F2C9C1199,0x09DB0a93B389bEF724429898f539AEB7ac2Dd55f,true,true,false,0x10ca8df8060794868695dc5a4ae9197331dd57d7aea503f26e72d13e9059c9b9,1011,207628,1789654073419,1789654073784,365,
20,0x09DB0a93B389bEF724429898f539AEB7ac2Dd55f,0x70997970C51812dc3A010C7d01b50e0d17dc79C8,true,true,false,0xceb9a4738fef9d9092b551a908a8326abeba3eb773c1a7cd0918d7f569a81463,1012,207628,1789654073789,1789654075685,1896,
21,0x70997970C51812dc3A010C7d01b50e0d17dc79C8,0x3C44CdDdB6a900fa2b585dd299e03d12FA4293BC,true,true,false,0x9734212fbf28a0bb0175746178bf05506de90a93515797e070197bc10fac574e,1012,207616,1789654073789,1789654075685,1896,
22,0x3C44CdDdB6a900fa2b585dd299e03d12FA4293BC,0x90F79bf6EB2c4f870365E785982E1f101E93b906,true,true,false,0x0fb719bc7e705558de55e566ec58706e2f4ab12617a2d6c0b48dcfd5b107ae07,1012,207616,1789654073790,1789654075686,1896,
23,0x90F79bf6EB2c4f870365E785982E1f101E93b906,0x15d34AAf54267DB7D7c367839AAf71A00a2C6A65,true,true,false,0x96e94e321545437fbf9596cce4bfe9ec084f889f5f8fc07cd1d4ccded42ce0cc,1012,207628,1789654073817,1789654075647,1830,
24,0x15d34AAf54267DB7D7c367839AAf71A00a2C6A65,0x9965507D1a55bcC2695C58ba16FB37d819B0A4dc,true,true,false,0xed31077b61bd3d33b78ca979ba1502e96183b8763529384dd9f0ee4d1ad0d95c,1012,207628,1789654073918,1789654075651,1733,
25,0x9965507D1a55bcC2695C58ba16FB37d819B0A4dc,0x976EA74026E726554dB657fA54763abd0C3a0aa9,true,true,false,0xcb41da85cdce6d3d306b372e200d00ba58b23d654a8b82dbaef017760c4493d2,1012,207628,1789654074024,1789654075647,1623,
26,0x976EA74026E726554dB657fA54763abd0C3a0aa9,0x14dC79964da2C08b23698B3D3cc7Ca32193d9955,true,true,false,0xcef03f19200142102ae26790bde03b8bb3fa9cdfc586b1e1fe6ff24a7bafd534,1012,207628,1789654074118,1789654075650,1532,
27,0x14dC79964da2C08b23698B3D3cc7Ca32193d9955,0x23618e81E3f5cdF7f54C3d65f7FBc0aBf5B21E8f,true,true,false,0xd7311be2036e9032b9c5fd0d7c9ea3b9f9cc1968c0706e8bff59a6b4aa8253a2,1012,207628,1789654074222,1789654075647,1425,
28,0x23618e81E3f5cdF7f54C3d65f7FBc0aBf5B21E8f,0xa0Ee7A142d267C1f36714E4a8F75612F20a79720,true,true,false,0xed259eaa0918a46fd0ac46967a4069eb1cc6f720b89e009afb69fbf35a850f0e,1012,207628,1789654074324,1789654075651,1327,
29,0xa0Ee7A142d267C1f36714E4a8F75612F20a79720,0xBcd4042DE499D14e55001CcbB24a551F3b954096,true,true,false,0x51d8a5d64ccdea3a16fbdef3308eebca65816aa31c89f10a686b01c1aea92742,1012,207604,1789654074420,1789654075687,1267,
30,0xBcd4042DE499D14e55001CcbB24a551F3b954096,0x71bE63f3384f5fb98995898A86B02Fb2426c5788,true,true,false,0xb5a21bdddcc12296440087dc0571e19ad8bb4a6f68b60d6a4662932a14809c81,1012,207616,1789654074511,1789654075650,1139,
31,0x71bE63f3384f5fb98995898A86B02Fb2426c5788,0xFABB0ac9d68B0B445fB7357272Ff202C5651694a,true,true,false,0x98cb4e8f7847b542440030cb5314caea9a9df3a80b83cbc9f22160aa3813ba16,1012,207616,1789654074623,1789654075686,1063,
32,0xFABB0ac9d68B0B445fB7357272Ff202C5651694a,0x1CBd3b2770909D4e10f157cABC84C7264073C9Ec,true,true,false,0x465ae7e2d3c5b4acc0bd3a824cca4dd36e36210a2961d993a7e406c0ace7a78f,1012,207628,1789654074735,1789654075650,915,
33,0x1CBd3b2770909D4e10f157cABC84C7264073C9Ec,0xdF3e18d64BC6A983f673Ab319CCaE4f1a57C7097,true,true,false,0x5f9a72beb84cb7babee6a7d1efa3071e2be057012e300189ecd266a75528ed76,1012,207628,1789654074824,1789654075686,862,
34,0xdF3e18d64BC6A983f673Ab319CCaE4f1a57C7097,0xcd3B766CCDd6AE721141F452C550Ca635964ce71,true,true,false,0xee37ae3981b38dea98cdafc538fba4bf937a7270f225d8895b83a2deee16be0e,1012,207628,1789654074933,1789654075650,717,
35,0xcd3B766CCDd6AE721141F452C550Ca635964ce71,0x2546BcD3c84621e976D8185a91A922aE77ECEc30,true,true,false,0x624afb2ac8bf337557cc7e9ad146fd48fe81a0195701e2e5fac4b6ae6d1900f7,1012,207628,1789654075017,1789654075652,635,
36,0x2546BcD3c84621e976D8185a91A922aE77ECEc30,0xbDA5747bFD65F08deb54cb465eB87D40e51B197E,true,true,false,0x67c234f6c7089804517af4c0c31ce1574210bae1d68e0c858da7280c27925497,1012,207628,1789654075134,1789654075649,515,
37,0xbDA5747bFD65F08deb54cb465eB87D40e51B197E,0xdD2FD4581271e230360230F9337D5c0430Bf44C0,true,true,false,0xa2d786006b4ff854705fadb276d470e95bb82376cd675e5cc30a3bac7cf6b12f,1012,207628,1789654075227,1789654075652,425,
38,0xdD2FD4581271e230360230F9337D5c0430Bf44C0,0x8626f6940E2eb28930eFb4CeF49B2d1F2C9C1199,true,true,false,0xa0d5d67e8dae5feba2e7dffcdd19f1232469b7e4e76f5208924c7d7899658e25,1012,207628,1789654075323,1789654075649,326,
39,0x8626f6940E2eb28930eFb4CeF49B2d1F2C9C1199,0x09DB0a93B389bEF724429898f539AEB7ac2Dd55f,true,true,false,0xc156f93ee954c1a0ed16b0a5ed917badacf7586bec841da07e4005afa5da370a,1012,207628,1789654075420,1789654075652,232,
40,0x09DB0a93B389bEF724429898f539AEB7ac2Dd55f,0x70997970C51812dc3A010C7d01b50e0d17dc79C8,true,true,false,0x6b4f78f6cbe5ae9bd837ae87440ec90827af5b392ff71e6c5ae10ccf78279f3f,1013,207628,1789654075653,1789654077586,1933,
41,0x70997970C51812dc3A010C7d01b50e0d17dc79C8,0x3C44CdDdB6a900fa2b585dd299e03d12FA4293BC,true,true,false,0x544d851c357becb76f592d22167a76a8ac2b94bedef8be0ce9bab0164b1399f2,1013,207616,1789654075654,1789654077586,1932,
42,0x3C44CdDdB6a900fa2b585dd299e03d12FA4293BC,0x90F79bf6EB2c4f870365E785982E1f101E93b906,true,true,false,0x454be2a55bbc7781c096bda2ac7b4c8137f6db3343c7eea756e7e737a57fba12,1013,207616,1789654075723,1789654077590,1867,
43,0x90F79bf6EB2c4f870365E785982E1f101E93b906,0x15d34AAf54267DB7D7c367839AAf71A00a2C6A65,true,true,false,0xa08fd3268e852fea5bf2dfc96f0465d25a7d857528dfb00419a7c7e8b64c5766,1013,207628,1789654075821,1789654077676,1855,
44,0x15d34AAf54267DB7D7c367839AAf71A00a2C6A65,0x9965507D1a55bcC2695C58ba16FB37d819B0A4dc,true,true,false,0x9879578b81710122ade4317eb8d25b98c5327a92b7e70b4d6d3ba5d81827426f,1013,207628,1789654075912,1789654077589,1677,
45,0x9965507D1a55bcC2695C58ba16FB37d819B0A4dc,0x976EA74026E726554dB657fA54763abd0C3a0aa9,true,true,false,0x12da5976f282a6691ca89f9d96b1ee7593cdedc7c207a09a14a6c39363cbf240,1013,207628,1789654076035,1789654077676,1641,
46,0x976EA74026E726554dB657fA54763abd0C3a0aa9,0x14dC79964da2C08b23698B3D3cc7Ca32193d9955,true,true,false,0x5b76ff5d0a134db8bbc2c1589a8ee29f3e09c5f188b189dec00a84ec7ca0d8a1,1013,207628,1789654076113,1789654077588,1475,
47,0x14dC79964da2C08b23698B3D3cc7Ca32193d9955,0x23618e81E3f5cdF7f54C3d65f7FBc0aBf5B21E8f,true,true,false,0x10b19540d938a9a86ae80145fcbe8089915a44156ea416d1cec1e63007173c49,1013,207628,1789654076214,1789654077664,1450,
48,0x23618e81E3f5cdF7f54C3d65f7FBc0aBf5B21E8f,0xa0Ee7A142d267C1f36714E4a8F75612F20a79720,true,true,false,0xccdb0d8fb24d5ffb5afdae21ae3e2701e8acf5dbbb64d18addf3378278d6bea4,1013,207628,1789654076333,1789654077589,1256,
49,0xa0Ee7A142d267C1f36714E4a8F75612F20a79720,0xBcd4042DE499D14e55001CcbB24a551F3b954096,true,true,false,0x5c16b9265aec8224c5e425d2562718405dac7b50daaf0bf365050dcc930ccf46,1013,207604,1789654076413,1789654077662,1249,
50,0xBcd4042DE499D14e55001CcbB24a551F3b954096,0x71bE63f3384f5fb98995898A86B02Fb2426c5788,true,true,false,0xac719f587fafe9e4935d5db8da2f65c5563aa1cbbc1091929fe838b0f0f965f8,1013,207616,1789654076514,1789654077588,1074,
51,0x71bE63f3384f5fb98995898A86B02Fb2426c5788,0xFABB0ac9d68B0B445fB7357272Ff202C5651694a,true,true,false,0xa87913406c107ac72f61d5e3d89f8e01961d62b1e1a59286c1da3685f0e6f4c0,1013,207628,1789654076622,1789654077663,1041,
52,0xFABB0ac9d68B0B445fB7357272Ff202C5651694a,0x1CBd3b2770909D4e10f157cABC84C7264073C9Ec,true,true,false,0xb643992814e298e0cfab2151cdf3036d5f0945a3fe28dcc888e59c82a7fa7bf7,1013,207628,1789654076719,1789654077588,869,
53,0x1CBd3b2770909D4e10f157cABC84C7264073C9Ec,0xdF3e18d64BC6A983f673Ab319CCaE4f1a57C7097,true,true,false,0x87c1866eb58c86718322dbe5447c9629488673573da7e09295e68ce0a37dd98e,1013,207628,1789654076821,1789654077661,840,
54,0xdF3e18d64BC6A983f673Ab319CCaE4f1a57C7097,0xcd3B766CCDd6AE721141F452C550Ca635964ce71,true,true,false,0xb0c596e8c1d7e053bbee2c5261b441dfcad89ba287ec051516d982af968c3154,1013,207616,1789654076940,1789654077588,648,
55,0xcd3B766CCDd6AE721141F452C550Ca635964ce71,0x2546BcD3c84621e976D8185a91A922aE77ECEc30,true,true,false,0xa79222a637a0deeb9e80ab748eec25704106831dbe1b1e0f2af580f5d3180f50,1013,207616,1789654077029,1789654077663,634,
56,0x2546BcD3c84621e976D8185a91A922aE77ECEc30,0xbDA5747bFD65F08deb54cb465eB87D40e51B197E,true,true,false,0xf50ec739a7c05331c71ff7fa2d3ca04a7b7a8af4405d6c482ada8de645cafa1e,1013,207628,1789654077108,1789654077587,479,
57,0xbDA5747bFD65F08deb54cb465eB87D40e51B197E,0xdD2FD4581271e230360230F9337D5c0430Bf44C0,true,true,false,0x228ef13c363870da91e4c178362c7371e47640b73152cdcc9254472321cd0f18,1013,207628,1789654077229,1789654077661,432,
58,0xdD2FD4581271e230360230F9337D5c0430Bf44C0,0x8626f6940E2eb28930eFb4CeF49B2d1F2C9C1199,true,true,false,0x529746eb509714d7f3abf92607f814f6297ab5d8870f492472776b8e44e98294,1013,207628,1789654077337,1789654077587,250,
59,0x8626f6940E2eb28930eFb4CeF49B2d1F2C9C1199,0x09DB0a93B389bEF724429898f539AEB7ac2Dd55f,true,true,false,0x2339a1e61ba6c7d43732694a85fd215040cbe51f60cc217a8ea46e85c7411b73,1013,207628,1789654077412,1789654077616,204,
60,0x09DB0a93B389bEF724429898f539AEB7ac2Dd55f,0x70997970C51812dc3A010C7d01b50e0d17dc79C8,true,true,false,0xfd5528a8c0980480b2afffe050281010ec042dfa573f7cf7bf140b70780ba572,1014,207628,1789654077590,1789654079706,2116,
61,0x70997970C51812dc3A010C7d01b50e0d17dc79C8,0x3C44CdDdB6a900fa2b585dd299e03d12FA4293BC,true,true,false,0xfbabaf821ffa41d6e0131244d4d2465ace9eed0ca744f36b1d70d220ab30960b,1014,207616,1789654077617,1789654079711,2094,
62,0x3C44CdDdB6a900fa2b585dd299e03d12FA4293BC,0x90F79bf6EB2c4f870365E785982E1f101E93b906,true,true,false,0xb9ea4b5045f2a68e46da7af6f3cf28b2d43c08e468bab245d2f0dcf6dc4daa50,1014,207616,1789654077720,1789654079719,1999,
63,0x90F79bf6EB2c4f870365E785982E1f101E93b906,0x15d34AAf54267DB7D7c367839AAf71A00a2C6A65,true,true,false,0xdc196d0edc361eaa6fe2cb6e79e0821b72c50a0d81471fea1354f61d421cd6ed,1014,207616,1789654077818,1789654079710,1892,
64,0x15d34AAf54267DB7D7c367839AAf71A00a2C6A65,0x9965507D1a55bcC2695C58ba16FB37d819B0A4dc,true,true,false,0x3fe2d2ea7944ea9fd8f8976922818d85f6a4bc1d7acca8a89f44fcb0fc2d8374,1014,207628,1789654077921,1789654079718,1797,
65,0x9965507D1a55bcC2695C58ba16FB37d819B0A4dc,0x976EA74026E726554dB657fA54763abd0C3a0aa9,true,true,false,0x06da523550c39f6044ccfe3c37c72ff5b2453857f40f03de04b9cab2a9af4302,1014,207628,1789654078019,1789654079709,1690,
66,0x976EA74026E726554dB657fA54763abd0C3a0aa9,0x14dC79964da2C08b23698B3D3cc7Ca32193d9955,true,true,false,0xf6355199571ac65f44484521e15ac4c46cc3b8e08632cb4cf74e84b375f0efcb,1014,207628,1789654078119,1789654079717,1598,
67,0x14dC79964da2C08b23698B3D3cc7Ca32193d9955,0x23618e81E3f5cdF7f54C3d65f7FBc0aBf5B21E8f,true,true,false,0x9b49e9c0c0df84a9f86f5ea080171d0ac4e085f3dd0618bb80ff902ba3303c44,1014,207628,1789654078222,1789654079709,1487,
68,0x23618e81E3f5cdF7f54C3d65f7FBc0aBf5B21E8f,0xa0Ee7A142d267C1f36714E4a8F75612F20a79720,true,true,false,0xfc4430cb632caaf710f347560cee9411286c3953eb0d8655b8120677b13e95ab,1014,207628,1789654078311,1789654079716,1405,
69,0xa0Ee7A142d267C1f36714E4a8F75612F20a79720,0xBcd4042DE499D14e55001CcbB24a551F3b954096,true,true,false,0x32ad3df442a8515bf6c88a7368ed4abc62f7b4bd604dce3a132f013bc0a5f43c,1014,207616,1789654078439,1789654079711,1272,
70,0xBcd4042DE499D14e55001CcbB24a551F3b954096,0x71bE63f3384f5fb98995898A86B02Fb2426c5788,true,true,false,0xb66e12183c7c4110c4221bd0f7e30596cf4c245a4387ccbbcae506e0b4a18e6e,1014,207604,1789654078524,1789654079717,1193,
71,0x71bE63f3384f5fb98995898A86B02Fb2426c5788,0xFABB0ac9d68B0B445fB7357272Ff202C5651694a,true,true,false,0xae882798211347e017b38f88604145aef9637c1cc6d2f41a08bd9a0a951b0575,1014,207628,1789654078619,1789654079722,1103,
72,0xFABB0ac9d68B0B445fB7357272Ff202C5651694a,0x1CBd3b2770909D4e10f157cABC84C7264073C9Ec,true,true,false,0xaafee411874a9265e73866748ba9d18dea58ae0af59b4c6816c275fdae7dc9ba,1014,207628,1789654078711,1789654079713,1002,
73,0x1CBd3b2770909D4e10f157cABC84C7264073C9Ec,0xdF3e18d64BC6A983f673Ab319CCaE4f1a57C7097,true,true,false,0xf9d9d1b887f61a5fa1c80c9d3bbd2557428fc95b54dd5bd5c077d55d93a7e538,1014,207628,1789654078823,1789654079722,899,
74,0xdF3e18d64BC6A983f673Ab319CCaE4f1a57C7097,0xcd3B766CCDd6AE721141F452C550Ca635964ce71,true,true,false,0xafb595558b4554083a51b126fc7c9fe189ef05ca9c6821d125a83ff9f94ace68,1014,207628,1789654078911,1789654079712,801,
75,0xcd3B766CCDd6AE721141F452C550Ca635964ce71,0x2546BcD3c84621e976D8185a91A922aE77ECEc30,true,true,false,0x7a756088b7d9f1a06875e673f719cbfc177eaec692bcff3ce32dae5dcb8d542a,1014,207628,1789654079018,1789654079721,703,
76,0x2546BcD3c84621e976D8185a91A922aE77ECEc30,0xbDA5747bFD65F08deb54cb465eB87D40e51B197E,true,true,false,0x25d0232fd622f300af4928a63ebc3455ad19940067641fd9545f302ace042f7a,1014,207628,1789654079124,1789654079714,590,
77,0xbDA5747bFD65F08deb54cb465eB87D40e51B197E,0xdD2FD4581271e230360230F9337D5c0430Bf44C0,true,true,false,0x5d38ce8e5154830bae975e85a4ace3e7a9c8fcd3055896581f53d70fbce35a9f,1014,207628,1789654079216,1789654079721,505,
78,0xdD2FD4581271e230360230F9337D5c0430Bf44C0,0x8626f6940E2eb28930eFb4CeF49B2d1F2C9C1199,true,true,false,0x7fa3e8128e3da381887a219a3ffa42d17beaa1cb4dccd8073384442f07d32d0a,1014,207628,1789654079336,1789654079715,379,
79,0x8626f6940E2eb28930eFb4CeF49B2d1F2C9C1199,0x09DB0a93B389bEF724429898f539AEB7ac2Dd55f,true,true,false,0x1a4bde1185c344c1bcb704ac4508e85e5d99f2ae85c355f9c6feaa44dfbd9ec3,1014,207628,1789654079419,1789654079720,301,
80,0x09DB0a93B389bEF724429898f539AEB7ac2Dd55f,0x70997970C51812dc3A010C7d01b50e0d17dc79C8,true,true,false,0xf85085c3a44af3997fcd0e4415917388a475c4fa024e373d6bbe9060426bf858,1015,207628,1789654079727,1789654081662,1935,
81,0x70997970C51812dc3A010C7d01b50e0d17dc79C8,0x3C44CdDdB6a900fa2b585dd299e03d12FA4293BC,true,true,false,0xa435b8bed46967ef78ac015d5adaf2fdbf35c420be44bfb7bd345660347f4061,1015,207616,1789654079728,1789654081662,1934,
82,0x3C44CdDdB6a900fa2b585dd299e03d12FA4293BC,0x90F79bf6EB2c4f870365E785982E1f101E93b906,true,true,false,0xc2ea82c4bbb41f194680e61a48d86cd6172dccce087a83db042a4e90eb0f1145,1015,207616,1789654079728,1789654081662,1934,
83,0x90F79bf6EB2c4f870365E785982E1f101E93b906,0x15d34AAf54267DB7D7c367839AAf71A00a2C6A65,true,true,false,0xc7a36938be0552306d8caf5f48c6c31bf62b33c769ea65f5cae09836d73ce9e4,1015,207616,1789654079810,1789654081668,1858,
84,0x15d34AAf54267DB7D7c367839AAf71A00a2C6A65,0x9965507D1a55bcC2695C58ba16FB37d819B0A4dc,true,true,false,0xdd336d9689462d56b0c0557001d69979435f69eec275520c513f2410f385cee3,1015,207628,1789654079904,1789654081661,1757,
85,0x9965507D1a55bcC2695C58ba16FB37d819B0A4dc,0x976EA74026E726554dB657fA54763abd0C3a0aa9,true,true,false,0xa07bdc7d1afcbdd9cd7b692819ec8d3e86b5ddce492fdc0dd51d3cce4857ac59,1015,207628,1789654080024,1789654081668,1644,
86,0x976EA74026E726554dB657fA54763abd0C3a0aa9,0x14dC79964da2C08b23698B3D3cc7Ca32193d9955,true,true,false,0xeb2eb99842132ac490990667959e7c024fccb207fcb6df60429c315264c8643e,1015,207616,1789654080111,1789654081661,1550,
87,0x14dC79964da2C08b23698B3D3cc7Ca32193d9955,0x23618e81E3f5cdF7f54C3d65f7FBc0aBf5B21E8f,true,true,false,0xafee6586258576fb38fefd8fd811f65437e91e47ac727138940e4752a7dbe2be,1015,207628,1789654080211,1789654081665,1454,
88,0x23618e81E3f5cdF7f54C3d65f7FBc0aBf5B21E8f,0xa0Ee7A142d267C1f36714E4a8F75612F20a79720,true,true,false,0xd8d1f5c9308f362603c72bc757f070afcc4c6f2cd43ac5f3a6f05ef83e578e43,1015,207628,1789654080319,1789654081661,1342,
89,0xa0Ee7A142d267C1f36714E4a8F75612F20a79720,0xBcd4042DE499D14e55001CcbB24a551F3b954096,true,true,false,0x54048e4f2db218245a659ace6dfd498c7c348142a0fe251b6dfc4b31d9dd66e5,1015,207616,1789654080411,1789654081664,1253,
90,0xBcd4042DE499D14e55001CcbB24a551F3b954096,0x71bE63f3384f5fb98995898A86B02Fb2426c5788,true,true,false,0xa4b19dc9cdc48b9f895d984890a6b0f56033fe69b0f0f5cad2e9711a5c3a8a26,1015,207616,1789654080509,1789654081660,1151,
91,0x71bE63f3384f5fb98995898A86B02Fb2426c5788,0xFABB0ac9d68B0B445fB7357272Ff202C5651694a,true,true,false,0x9fa1acb720e81cbcbb8a6aae3f9b11c2659709fc7e4ad23cfdec9e88e4016722,1015,207616,1789654080617,1789654081664,1047,
92,0xFABB0ac9d68B0B445fB7357272Ff202C5651694a,0x1CBd3b2770909D4e10f157cABC84C7264073C9Ec,true,true,false,0x0bf98e46623f8fb611310b4b00820804651d3e525b1c0db7b35c81e8a17da0e5,1015,207628,1789654080718,1789654081661,943,
93,0x1CBd3b2770909D4e10f157cABC84C7264073C9Ec,0xdF3e18d64BC6A983f673Ab319CCaE4f1a57C7097,true,true,false,0xcd07b9350f0605b11b085af786641d92ab56c2bdb10dab0a9708f4601d55db17,1015,207628,1789654080807,1789654081663,856,
94,0xdF3e18d64BC6A983f673Ab319CCaE4f1a57C7097,0xcd3B766CCDd6AE721141F452C550Ca635964ce71,true,true,false,0x133b621b096d5688869ab96ce463eccec1fd38e5dbf5e970eb3dbdfa2161f3c1,1015,207628,1789654080917,1789654081660,743,
95,0xcd3B766CCDd6AE721141F452C550Ca635964ce71,0x2546BcD3c84621e976D8185a91A922aE77ECEc30,true,true,false,0x79020db6eb83469f8de766232b3c3d0bc4908aa1f0e657be6bb0cd7391ad4a36,1015,207628,1789654081015,1789654081663,648,
96,0x2546BcD3c84621e976D8185a91A922aE77ECEc30,0xbDA5747bFD65F08deb54cb465eB87D40e51B197E,true,true,false,0x0c3df0705dbe3c374a8fb8c68efc23bda5d18f5c30988ab72f2bc7a6381b0187,1015,207628,1789654081103,1789654081660,557,
97,0xbDA5747bFD65F08deb54cb465eB87D40e51B197E,0xdD2FD4581271e230360230F9337D5c0430Bf44C0,true,true,false,0x0673c1bce055595a838f25aaf136769ef03e574d3a605aed3183263cdd78d3b6,1015,207628,1789654081217,1789654081663,446,
98,0xdD2FD4581271e230360230F9337D5c0430Bf44C0,0x8626f6940E2eb28930eFb4CeF49B2d1F2C9C1199,true,true,false,0x34028b70d6820ef9e2c4e22dcc8d4d9067cc9efb41802e0a14d103d09db4f14e,1015,207628,1789654081313,1789654081660,347,
99,0x8626f6940E2eb28930eFb4CeF49B2d1F2C9C1199,0x09DB0a93B389bEF724429898f539AEB7ac2Dd55f,true,true,false,0xdd543c259d9b021e4747b4cde63e9da036f4a8c7ed13654c4b317f8638bcf94b,1015,207616,1789654081410,1789654081663,253,
100,0x09DB0a93B389bEF724429898f539AEB7ac2Dd55f,0x70997970C51812dc3A010C7d01b50e0d17dc79C8,true,true,false,0x03cc0a92c3c3ff9f1f5c4cbfdd39a7eb05a36c9d483314641c39dfb854fe7896,1016,207628,1789654081667,1789654083584,1917,
101,0x70997970C51812dc3A010C7d01b50e0d17dc79C8,0x3C44CdDdB6a900fa2b585dd299e03d12FA4293BC,true,true,false,0x7a7a82d6973c907b2bd521c34148f4252ccba15c75e7ae35dbf6cb22d87d8c09,1016,207616,1789654081668,1789654083584,1916,
102,0x3C44CdDdB6a900fa2b585dd299e03d12FA4293BC,0x90F79bf6EB2c4f870365E785982E1f101E93b906,true,true,false,0x1a2fbbee53a98b7d4a7c67121793a4f6807330bfbaa687ea395918b190bd40d7,1016,207604,1789654081706,1789654083586,1880,
103,0x90F79bf6EB2c4f870365E785982E1f101E93b906,0x15d34AAf54267DB7D7c367839AAf71A00a2C6A65,true,true,false,0x3d63f79e7829c70c319225e71eaee11fd3a1ed2b31d09b1f9ad953025fda56e9,1016,207616,1789654081822,1789654083684,1862,
104,0x15d34AAf54267DB7D7c367839AAf71A00a2C6A65,0x9965507D1a55bcC2695C58ba16FB37d819B0A4dc,true,true,false,0x059475fce234177d8cad56f03048ad0fca77830f7ee97a67cf953052972c6930,1016,207628,1789654081922,1789654083587,1665,
105,0x9965507D1a55bcC2695C58ba16FB37d819B0A4dc,0x976EA74026E726554dB657fA54763abd0C3a0aa9,true,true,false,0x70891b292f1de20a461ad1142ca67d7aa1561b15f00c5a4423c520d411f1b904,1016,207628,1789654082012,1789654083668,1656,
106,0x976EA74026E726554dB657fA54763abd0C3a0aa9,0x14dC79964da2C08b23698B3D3cc7Ca32193d9955,true,true,false,0x762606318b86027fb508f6f0f0b4bbf74e1f7f629aa86c234d1d88f7eedccce3,1016,207628,1789654082123,1789654083586,1463,
107,0x14dC79964da2C08b23698B3D3cc7Ca32193d9955,0x23618e81E3f5cdF7f54C3d65f7FBc0aBf5B21E8f,true,true,false,0xa54277236543785e15301203bf4f06255d6129d46b87f60f9d9ce60845151a40,1016,207628,1789654082222,1789654083669,1447,
108,0x23618e81E3f5cdF7f54C3d65f7FBc0aBf5B21E8f,0xa0Ee7A142d267C1f36714E4a8F75612F20a79720,true,true,false,0xda64881ed9e9b5ee408017f16060ac35e3125f08c80f52540d58063e07b85c14,1016,207628,1789654082318,1789654083586,1268,
109,0xa0Ee7A142d267C1f36714E4a8F75612F20a79720,0xBcd4042DE499D14e55001CcbB24a551F3b954096,true,true,false,0xcb246a8be4af3fab14a2bf4b36be0c8ce445a11fdc4efb8a5a6d7486909062c5,1016,207616,1789654082426,1789654083667,1241,
110,0xBcd4042DE499D14e55001CcbB24a551F3b954096,0x71bE63f3384f5fb98995898A86B02Fb2426c5788,true,true,false,0x5341348f2c21f23b842dd11ad9069841505de66a16f61bbd6485af4d1a6c40b8,1016,207616,1789654082522,1789654083585,1063,
111,0x71bE63f3384f5fb98995898A86B02Fb2426c5788,0xFABB0ac9d68B0B445fB7357272Ff202C5651694a,true,true,false,0xf63612ac21c975d52635a5dd3a2d5b21bbec15649548e712234ecee9a5ccedef,1016,207628,1789654082609,1789654083651,1042,
112,0xFABB0ac9d68B0B445fB7357272Ff202C5651694a,0x1CBd3b2770909D4e10f157cABC84C7264073C9Ec,true,true,false,0xd387a9a77534ba45bef5d8ca065603d6a750c3edabdee1c686372168be0fe3f9,1016,207628,1789654082722,1789654083585,863,
113,0x1CBd3b2770909D4e10f157cABC84C7264073C9Ec,0xdF3e18d64BC6A983f673Ab319CCaE4f1a57C7097,true,true,false,0x07be68753ea69da993cf11138ef089d4106e00546689058d89a0a9787006033d,1016,207616,1789654082816,1789654083652,836,
114,0xdF3e18d64BC6A983f673Ab319CCaE4f1a57C7097,0xcd3B766CCDd6AE721141F452C550Ca635964ce71,true,true,false,0xdf9ecc760a0b5917162f55d42d2266c255e4048b5a4bcb155b62d26c08ca9b6d,1016,207628,1789654082907,1789654083584,677,
115,0xcd3B766CCDd6AE721141F452C550Ca635964ce71,0x2546BcD3c84621e976D8185a91A922aE77ECEc30,true,true,false,0x6d763ca8be1b34ee1a1bfad3c274be4fdf15f58afb4aa160f96e308d619faa3c,1016,207628,1789654083024,1789654083653,629,
116,0x2546BcD3c84621e976D8185a91A922aE77ECEc30,0xbDA5747bFD65F08deb54cb465eB87D40e51B197E,true,true,false,0xf8e93ef08ee918b8b52218bb4051edebec86cb1862441e6d72ff0c16652bd0e2,1016,207628,1789654083119,1789654083585,466,
117,0xbDA5747bFD65F08deb54cb465eB87D40e51B197E,0xdD2FD4581271e230360230F9337D5c0430Bf44C0,true,true,false,0xebe5d005df7f9df7f7b51aec9bc5713a1d9a491d4d5d7ac7287e16ff60df04e6,1016,207628,1789654083213,1789654083635,422,
118,0xdD2FD4581271e230360230F9337D5c0430Bf44C0,0x8626f6940E2eb28930eFb4CeF49B2d1F2C9C1199,true,true,false,0xd7002a577afacf79e1135bb9263f38c0453a0906a2cfc58f2f8bcc7330390004,1016,207628,1789654083324,1789654083585,261,
119,0x8626f6940E2eb28930eFb4CeF49B2d1F2C9C1199,0x09DB0a93B389bEF724429898f539AEB7ac2Dd55f,true,true,false,0x9b18895945f960c3bc5ea56f8855674aaa4ebc0e59abd5690f49eeccf7c7e3b6,1016,207616,1789654083419,1789654083636,217,
120,0x09DB0a93B389bEF724429898f539AEB7ac2Dd55f,0x70997970C51812dc3A010C7d01b50e0d17dc79C8,true,true,false,0x0e29bda6f5f5d5a68aba9399095efc5df55799b41f56450a30e80aa75099c78c,1017,207616,1789654083587,1789654085720,2133,
121,0x70997970C51812dc3A010C7d01b50e0d17dc79C8,0x3C44CdDdB6a900fa2b585dd299e03d12FA4293BC,true,true,false,0xe108acb0888c6a6a0a40f59f38d7ff985f75cfb0e5a1e00148ee8bea97c44866,1017,207616,1789654083603,1789654085721,2118,
122,0x3C44CdDdB6a900fa2b585dd299e03d12FA4293BC,0x90F79bf6EB2c4f870365E785982E1f101E93b906,true,true,false,0x2561c7f6dd2bf24f300dd3af2709a0a3ab3b5f7a8700d55351069a2afc68ccfd,1017,207616,1789654083725,1789654085718,1993,
123,0x90F79bf6EB2c4f870365E785982E1f101E93b906,0x15d34AAf54267DB7D7c367839AAf71A00a2C6A65,true,true,false,0xfa5651da086f504f558ccc38fdc4077f56c9fa60330b9ac4760972ca4cc28f89,1017,207628,1789654083821,1789654085721,1900,
124,0x15d34AAf54267DB7D7c367839AAf71A00a2C6A65,0x9965507D1a55bcC2695C58ba16FB37d819B0A4dc,true,true,false,0xb7c29be74061af40c4079b822367d2c4a52e8cc0e9e5e73d23c8d94b5250e04b,1017,207628,1789654083907,1789654085717,1810,
125,0x9965507D1a55bcC2695C58ba16FB37d819B0A4dc,0x976EA74026E726554dB657fA54763abd0C3a0aa9,true,true,false,0xe6137e9197d5607f2bc9218819d22a1bbcd0c81b81f5b53e8b7154d55637c675,1017,207628,1789654084019,1789654085721,1702,
126,0x976EA74026E726554dB657fA54763abd0C3a0aa9,0x14dC79964da2C08b23698B3D3cc7Ca32193d9955,true,true,false,0x3e4f10297f9f0ee9b1a7289918012f3e7c2b366e6a357a77b75f185b326521c3,1017,207628,1789654084112,1789654085718,1606,
127,0x14dC79964da2C08b23698B3D3cc7Ca32193d9955,0x23618e81E3f5cdF7f54C3d65f7FBc0aBf5B21E8f,true,true,false,0x4b11297b04eb3145a67d4d60cfbe6bf577a2374e9d397badfeebe34efd87acb8,1017,207628,1789654084212,1789654085720,1508,
128,0x23618e81E3f5cdF7f54C3d65f7FBc0aBf5B21E8f,0xa0Ee7A142d267C1f36714E4a8F75612F20a79720,true,true,false,0x7eec6f9c01a9e3135f4ac7ce27d0485f7badae0218037851f6b4f83ad5658b4d,1017,207628,1789654084330,1789654085718,1388,
129,0xa0Ee7A142d267C1f36714E4a8F75612F20a79720,0xBcd4042DE499D14e55001CcbB24a551F3b954096,true,true,false,0x10d8c02dcb9d8762f91002a5a85b31b7a4e6d9fa32f782854bd53074021fce96,1017,207616,1789654084427,1789654085721,1294,
130,0xBcd4042DE499D14e55001CcbB24a551F3b954096,0x71bE63f3384f5fb98995898A86B02Fb2426c5788,true,true,false,0x972c6a2a04c387b78f0c78e7791a806e862b82ba0f3f36766db1a9c983136acc,1017,207616,1789654084521,1789654085717,1196,
131,0x71bE63f3384f5fb98995898A86B02Fb2426c5788,0xFABB0ac9d68B0B445fB7357272Ff202C5651694a,true,true,false,0xbf4eec9254933243a1185a302c47154968b2cabea0c1f132db98d8d9b6453fec,1017,207628,1789654084618,1789654085720,1102,
132,0xFABB0ac9d68B0B445fB7357272Ff202C5651694a,0x1CBd3b2770909D4e10f157cABC84C7264073C9Ec,true,true,false,0xdf288e2b4c915131dfa93cd910bee843cdd6e6aacc9abc7b7676ac605e55d463,1017,207628,1789654084737,1789654085718,981,
133,0x1CBd3b2770909D4e10f157cABC84C7264073C9Ec,0xdF3e18d64BC6A983f673Ab319CCaE4f1a57C7097,true,true,false,0x7a1d0d392ac34d1860dc55a0818c7a6f77f3d97c79433df7bd144193e224c6a5,1017,207628,1789654084823,1789654085720,897,
134,0xdF3e18d64BC6A983f673Ab319CCaE4f1a57C7097,0xcd3B766CCDd6AE721141F452C550Ca635964ce71,true,true,false,0x81de5eb45c672b9ce38195c4e40f3e2cf56cf99afa03177e8061f9549b3f33e7,1017,207628,1789654084913,1789654085717,804,
135,0xcd3B766CCDd6AE721141F452C550Ca635964ce71,0x2546BcD3c84621e976D8185a91A922aE77ECEc30,true,true,false,0x9e7f7ea5e221eed5c66fecdb0fbe2f3466f526f3f743d1da78f22a3850f76dfc,1017,207616,1789654085026,1789654085719,693,
136,0x2546BcD3c84621e976D8185a91A922aE77ECEc30,0xbDA5747bFD65F08deb54cb465eB87D40e51B197E,true,true,false,0xe56b53fb1ee5f85f60e1e176c6c7c3b6c998ba7af6906dd84d7343e42bafad7f,1017,207628,1789654085112,1789654085715,603,
137,0xbDA5747bFD65F08deb54cb465eB87D40e51B197E,0xdD2FD4581271e230360230F9337D5c0430Bf44C0,true,true,false,0xed11380fe23398c3f6d5f7772b62483ec3a9ab0c8409f85ff7cbe1c13772eff9,1017,207628,1789654085222,1789654085719,497,
138,0xdD2FD4581271e230360230F9337D5c0430Bf44C0,0x8626f6940E2eb28930eFb4CeF49B2d1F2C9C1199,true,true,false,0x1f1da1388db30b2e42b77da5574bbe10af6871d01286dbf26b5284551fd06b64,1017,207628,1789654085305,1789654085714,409,
139,0x8626f6940E2eb28930eFb4CeF49B2d1F2C9C1199,0x09DB0a93B389bEF724429898f539AEB7ac2Dd55f,true,true,false,0x176b6d14b617e1562548aa041349e69123aa7fc66a03d7127ebb37c11d58e6ce,1017,207628,1789654085425,1789654085719,294,
140,0x09DB0a93B389bEF724429898f539AEB7ac2Dd55f,0x70997970C51812dc3A010C7d01b50e0d17dc79C8,true,true,false,0x8d231c7389623fd01c35b8c5095ec90d6a09bec8e7c81b548ffa3b7328f012d1,1018,207616,1789654085723,1789654087639,1916,
141,0x70997970C51812dc3A010C7d01b50e0d17dc79C8,0x3C44CdDdB6a900fa2b585dd299e03d12FA4293BC,true,true,false,0xae7d80bd7db87f883e35bbda829df824c9b357b77dec1ab650d951ccddfaddd1,1018,207616,1789654085723,1789654087639,1916,
142,0x3C44CdDdB6a900fa2b585dd299e03d12FA4293BC,0x90F79bf6EB2c4f870365E785982E1f101E93b906,true,true,false,0xcad3ba25a8918aef8ee9b948b09f635efa43894cca6c28f69282270d2464cdd6,1018,207616,1789654085724,1789654087640,1916,
143,0x90F79bf6EB2c4f870365E785982E1f101E93b906,0x15d34AAf54267DB7D7c367839AAf71A00a2C6A65,true,true,false,0xddf3ba414b6041018658c9a73661312cdfd60b6424f0dda95f1943623e2ff03f,1018,207616,1789654085818,1789654087680,1862,
144,0x15d34AAf54267DB7D7c367839AAf71A00a2C6A65,0x9965507D1a55bcC2695C58ba16FB37d819B0A4dc,true,true,false,0xc739bd4407b91242c76e98716779832b227f467747f636f90aceb32ce2bd4df4,1018,207616,1789654085913,1789654087635,1722,
145,0x9965507D1a55bcC2695C58ba16FB37d819B0A4dc,0x976EA74026E726554dB657fA54763abd0C3a0aa9,true,true,false,0x2c7b717216945b436c9a286630aeb45b3fd70de075f0b58cc744f9848dfc7805,1018,207616,1789654086041,1789654087696,1655,
146,0x976EA74026E726554dB657fA54763abd0C3a0aa9,0x14dC79964da2C08b23698B3D3cc7Ca32193d9955,true,true,false,0xc4f2dfd5468e75cb0e62a7ab8b79d5c7d0640a1ca16bb0506246ac667276b856,1018,207628,1789654086114,1789654087635,1521,
147,0x14dC79964da2C08b23698B3D3cc7Ca32193d9955,0x23618e81E3f5cdF7f54C3d65f7FBc0aBf5B21E8f,true,true,false,0xf9c7dc7a2556e95d9250948a026ff2577f78640e26bef38d13e5d026913e77ef,1018,207628,1789654086212,1789654087667,1455,
148,0x23618e81E3f5cdF7f54C3d65f7FBc0aBf5B21E8f,0xa0Ee7A142d267C1f36714E4a8F75612F20a79720,true,true,false,0xb51d3511dbfc43778bbae2a8dd278654932e94c99f2e399787d6fb34798555ac,1018,207628,1789654086329,1789654087636,1307,
149,0xa0Ee7A142d267C1f36714E4a8F75612F20a79720,0xBcd4042DE499D14e55001CcbB24a551F3b954096,true,true,false,0x86325a799d1febbf410a79b0bb92e9300559a99e47ad9ed61171a150ae8e291b,1018,207604,1789654086415,1789654087668,1253,
150,0xBcd4042DE499D14e55001CcbB24a551F3b954096,0x71bE63f3384f5fb98995898A86B02Fb2426c5788,true,true,false,0xd2ac581a2ec973fbe29dba7a6fba3272cb209e79c58c73f7ca3e6a398f6c8a7b,1018,207616,1789654086523,1789654087634,1111,
151,0x71bE63f3384f5fb98995898A86B02Fb2426c5788,0xFABB0ac9d68B0B445fB7357272Ff202C5651694a,true,true,false,0xcbf1456e69fc97960d030d9041537ef4e2f7e2970bd3a2b32132a22ca694ebce,1018,207628,1789654086621,1789654087668,1047,
152,0xFABB0ac9d68B0B445fB7357272Ff202C5651694a,0x1CBd3b2770909D4e10f157cABC84C7264073C9Ec,true,true,false,0x903eedbcd4f0208ddbbd2515c8af03c18c273847735e705f623566d046f7c421,1018,207616,1789654086728,1789654087632,904,
153,0x1CBd3b2770909D4e10f157cABC84C7264073C9Ec,0xdF3e18d64BC6A983f673Ab319CCaE4f1a57C7097,true,true,false,0x48484c716b1140982903c3ae52c335ca550992614cc5c666ff2ac27a84b82ce2,1018,207628,1789654086824,1789654087665,841,
154,0xdF3e18d64BC6A983f673Ab319CCaE4f1a57C7097,0xcd3B766CCDd6AE721141F452C550Ca635964ce71,true,true,false,0x871a9864b12ba9df52e5fc392f63dcbd2997246a4609290bc1175467701c57b8,1018,207604,1789654086920,1789654087629,709,
155,0xcd3B766CCDd6AE721141F452C550Ca635964ce71,0x2546BcD3c84621e976D8185a91A922aE77ECEc30,true,true,false,0x3745289dcf08a45cb41469a7cc710bc53f299126ae322f356cba1551c310e728,1018,207628,1789654087033,1789654087667,634,
156,0x2546BcD3c84621e976D8185a91A922aE77ECEc30,0xbDA5747bFD65F08deb54cb465eB87D40e51B197E,true,true,false,0x9acaad249571ccf61dcddfb67f99ee35426204b52a3192362a329d826c7dd702,1018,207616,1789654087111,1789654087628,517,
157,0xbDA5747bFD65F08deb54cb465eB87D40e51B197E,0xdD2FD4581271e230360230F9337D5c0430Bf44C0,true,true,false,0x7e92a66eb0169a78333dd3888825bf9487024af1ddefd9e8d82cceddb3f2105d,1018,207628,1789654087222,1789654087642,420,
158,0xdD2FD4581271e230360230F9337D5c0430Bf44C0,0x8626f6940E2eb28930eFb4CeF49B2d1F2C9C1199,true,true,false,0x0eae15a6fa399c032863f5e6ddbd844dfe3c923695a887bc98f59c2c71c090b9,1018,207628,1789654087328,1789654087628,300,
159,0x8626f6940E2eb28930eFb4CeF49B2d1F2C9C1199,0x09DB0a93B389bEF724429898f539AEB7ac2Dd55f,true,true,false,0x8bdfb6e5af059b34ce8aaf0bd2b3db0dbe89ed6f94cfc15b3a5f65c2fa9ee610,1018,207628,1789654087424,1789654087641,217,
160,0x09DB0a93B389bEF724429898f539AEB7ac2Dd55f,0x70997970C51812dc3A010C7d01b50e0d17dc79C8,true,true,false,0xa6445d0a5a7498426e3bdabb5ac2c8446690d0394e6dc9994942458eba94a05c,1019,207628,1789654087644,1789654089660,2016,
161,0x70997970C51812dc3A010C7d01b50e0d17dc79C8,0x3C44CdDdB6a900fa2b585dd299e03d12FA4293BC,true,true,false,0x9a51f43173b20e5d127852a3c73681e42c004dcceb687ab7fdeadc1e86063dcd,1019,207616,1789654087646,1789654089661,2015,
162,0x3C44CdDdB6a900fa2b585dd299e03d12FA4293BC,0x90F79bf6EB2c4f870365E785982E1f101E93b906,true,true,false,0xf81700ad678668008aa2a30146e085cba11a661e3f99d565c2f3e111b68490e7,1019,207616,1789654087716,1789654089666,1950,
163,0x90F79bf6EB2c4f870365E785982E1f101E93b906,0x15d34AAf54267DB7D7c367839AAf71A00a2C6A65,true,true,false,0x0ad2aa5e4cf8d5d7ac2862075f6e0547f2bac1aca1a00e2f29494eb7a6ac48d5,1019,207628,1789654087815,1789654089658,1843,
164,0x15d34AAf54267DB7D7c367839AAf71A00a2C6A65,0x9965507D1a55bcC2695C58ba16FB37d819B0A4dc,true,true,false,0x8b7691e2445a78235f97331cde9983e05143715d40d9221138644fb57981b7a9,1019,207628,1789654087910,1789654089665,1755,
165,0x9965507D1a55bcC2695C58ba16FB37d819B0A4dc,0x976EA74026E726554dB657fA54763abd0C3a0aa9,true,true,false,0x98686d14b87aa5f8f6ca8ad38aaca4e22ff0f4d45f76e485d8854499df05bd7a,1019,207628,1789654088028,1789654089660,1632,
166,0x976EA74026E726554dB657fA54763abd0C3a0aa9,0x14dC79964da2C08b23698B3D3cc7Ca32193d9955,true,true,false,0x945409f4196fe98ea679eccc8c45de33245fccef7abf64433c3feae92adaaf9d,1019,207628,1789654088111,1789654089665,1554,
167,0x14dC79964da2C08b23698B3D3cc7Ca32193d9955,0x23618e81E3f5cdF7f54C3d65f7FBc0aBf5B21E8f,true,true,false,0x2bf88358a566ea3154bbd8b0ba15ed23c9124feb7e8bbf349fe4ee145977ad8e,1019,207628,1789654088208,1789654089670,1462,
168,0x23618e81E3f5cdF7f54C3d65f7FBc0aBf5B21E8f,0xa0Ee7A142d267C1f36714E4a8F75612F20a79720,true,true,false,0x8be684579c23b2dbf8fd3dac708114f9f613151b68dc3e652a2654b9e6998810,1019,207616,1789654088319,1789654089665,1346,
169,0xa0Ee7A142d267C1f36714E4a8F75612F20a79720,0xBcd4042DE499D14e55001CcbB24a551F3b954096,true,true,false,0x6df564ebf7802966f805a68db0eed424af8b616379b193c54f986e35d552c5c4,1019,207616,1789654088414,1789654089671,1257,
170,0xBcd4042DE499D14e55001CcbB24a551F3b954096,0x71bE63f3384f5fb98995898A86B02Fb2426c5788,true,true,false,0x99c1accf64d8ac56f875beae56d43c705d0d77dd699c4c69b9d2a641f89e39fb,1019,207616,1789654088510,1789654089663,1153,
171,0x71bE63f3384f5fb98995898A86B02Fb2426c5788,0xFABB0ac9d68B0B445fB7357272Ff202C5651694a,true,true,false,0x59acc1baf9bf5326503a73c0f6ee00dda9a4779e22e2f0aceb80d9136ba4f42c,1019,207616,1789654088622,1789654089672,1050,
172,0xFABB0ac9d68B0B445fB7357272Ff202C5651694a,0x1CBd3b2770909D4e10f157cABC84C7264073C9Ec,true,true,false,0xf9b94b40682c1421ea2570a1ef38e915361613066f39e71b53e21d679276b872,1019,207628,1789654088714,1789654089664,950,
173,0x1CBd3b2770909D4e10f157cABC84C7264073C9Ec,0xdF3e18d64BC6A983f673Ab319CCaE4f1a57C7097,true,true,false,0x43a8646719ab9fcebe61016ac231f807443630a459b6a370ae39101337bc4d24,1019,207628,1789654088812,1789654089672,860,
174,0xdF3e18d64BC6A983f673Ab319CCaE4f1a57C7097,0xcd3B766CCDd6AE721141F452C550Ca635964ce71,true,true,false,0x642bb47995036b62e4f681ed13961468b34579e852e28848b571e5339bece1d8,1019,207628,1789654088906,1789654089662,756,
175,0xcd3B766CCDd6AE721141F452C550Ca635964ce71,0x2546BcD3c84621e976D8185a91A922aE77ECEc30,true,true,false,0xc140a4bd6c0b1674151455b28df5edfa9cb749b383b6c5d0a63300a07fb600ec,1019,207628,1789654089025,1789654089672,647,
176,0x2546BcD3c84621e976D8185a91A922aE77ECEc30,0xbDA5747bFD65F08deb54cb465eB87D40e51B197E,true,true,false,0xc104b7b6d24140909ee6bc62f99da2f43511237922e40dbf8f6a63cdc2b740ad,1019,207628,1789654089111,1789654089663,552,
177,0xbDA5747bFD65F08deb54cb465eB87D40e51B197E,0xdD2FD4581271e230360230F9337D5c0430Bf44C0,true,true,false,0x8309281eb86e98a557e3cdf95b612d6357dde0c82d7f73d2ddd7d5d90df5e394,1019,207628,1789654089210,1789654089669,459,
178,0xdD2FD4581271e230360230F9337D5c0430Bf44C0,0x8626f6940E2eb28930eFb4CeF49B2d1F2C9C1199,true,true,false,0x3da6d590a5d4dbeaa44a04e4a3ee1337b29300ec8f924cdde200f2d2d23f54cc,1019,207628,1789654089333,1789654089664,331,
179,0x8626f6940E2eb28930eFb4CeF49B2d1F2C9C1199,0x09DB0a93B389bEF724429898f539AEB7ac2Dd55f,true,true,false,0x206504ea28887762b92b728fa21ef92dbef6803afbf3d14309602b5de79c4c1f,1019,207628,1789654089422,1789654089670,248,
180,0x09DB0a93B389bEF724429898f539AEB7ac2Dd55f,0x70997970C51812dc3A010C7d01b50e0d17dc79C8,true,true,false,0xfe091dff7bd902f0997336eba06f74887276a3a3a6cec3eb03575dffec74ecfd,1020,207628,1789654089674,1789654092037,2363,
181,0x70997970C51812dc3A010C7d01b50e0d17dc79C8,0x3C44CdDdB6a900fa2b585dd299e03d12FA4293BC,true,true,false,0xfd83eb681d80ed9040d81c6db03eb6414d89be49da4fa9c17f150ad267a75046,1020,207616,1789654089675,1789654092040,2365,
182,0x3C44CdDdB6a900fa2b585dd299e03d12FA4293BC,0x90F79bf6EB2c4f870365E785982E1f101E93b906,true,true,false,0xdefdcca1f4e42a2f808703227cf2ce58e2145174a7c38aceb2eb0047f6caf751,1020,207616,1789654089710,1789654092052,2342,
183,0x90F79bf6EB2c4f870365E785982E1f101E93b906,0x15d34AAf54267DB7D7c367839AAf71A00a2C6A65,true,true,false,0x4c4c705598783aa7857b6b8daddf91e61df2bec17a23a7de09fb0c44b40569ba,1020,207628,1789654089807,1789654092071,2264,
184,0x15d34AAf54267DB7D7c367839AAf71A00a2C6A65,0x9965507D1a55bcC2695C58ba16FB37d819B0A4dc,true,true,false,0x58840349de1e4f100f9953865ec3269f7c917ca00e18ae5aac8930051f38ad2c,1020,207628,1789654089917,1789654092054,2137,
185,0x9965507D1a55bcC2695C58ba16FB37d819B0A4dc,0x976EA74026E726554dB657fA54763abd0C3a0aa9,true,true,false,0x24b31ebbbab5b313a60f296f4b2793c5f996ad531b8c5acd17fbb4ca19695050,1020,207616,1789654090020,1789654092075,2055,
186,0x976EA74026E726554dB657fA54763abd0C3a0aa9,0x14dC79964da2C08b23698B3D3cc7Ca32193d9955,true,true,false,0x9d4da68abdde0543fbd871915591d288a60e488abf31ac021948884f753f5b71,1020,207628,1789654090106,1789654092044,1938,
187,0x14dC79964da2C08b23698B3D3cc7Ca32193d9955,0x23618e81E3f5cdF7f54C3d65f7FBc0aBf5B21E8f,true,true,false,0x0355326039b8e3e9e9adea96d847083a918b7d3bdcf3c2110c2b698f63d7162e,1020,207628,1789654090219,1789654092072,1853,
188,0x23618e81E3f5cdF7f54C3d65f7FBc0aBf5B21E8f,0xa0Ee7A142d267C1f36714E4a8F75612F20a79720,true,true,false,0x0f9a9018f6626ad5818da8ee7672e9abde7a6da306dff44ba9535b33f7add0a7,1020,207616,1789654090317,1789654092045,1728,
189,0xa0Ee7A142d267C1f36714E4a8F75612F20a79720,0xBcd4042DE499D14e55001CcbB24a551F3b954096,true,true,false,0x3c72890bef9007857dd8083b1f7bdc03225907b2d56d6e1cb447aa975ea0a594,1020,207616,1789654090409,1789654092068,1659,
190,0xBcd4042DE499D14e55001CcbB24a551F3b954096,0x71bE63f3384f5fb98995898A86B02Fb2426c5788,true,true,false,0x66b5398e08519c68fc78051a29a2dea815a7748788a3a1c95eca81c892f1595a,1020,207616,1789654090507,1789654092042,1535,
191,0x71bE63f3384f5fb98995898A86B02Fb2426c5788,0xFABB0ac9d68B0B445fB7357272Ff202C5651694a,true,true,false,0xe9b21838c1ec8229f216cb478c5ee22211c95ccdab4ae448b8f9ac8ba3e4b0d8,1020,207628,1789654090627,1789654092074,1447,
192,0xFABB0ac9d68B0B445fB7357272Ff202C5651694a,0x1CBd3b2770909D4e10f157cABC84C7264073C9Ec,true,true,false,0xa35ba29f6e1df0be8d0724af6236c4965c481e20fe2e9b6cabf7dbe1d750653d,1020,207628,1789654090726,1789654092047,1321,
193,0x1CBd3b2770909D4e10f157cABC84C7264073C9Ec,0xdF3e18d64BC6A983f673Ab319CCaE4f1a57C7097,true,true,false,0x0d27b0da051e1699781501a1ca8515cb62a60cc00861f0beea2ec0824012a4cf,1020,207628,1789654090819,1789654092065,1246,
194,0xdF3e18d64BC6A983f673Ab319CCaE4f1a57C7097,0xcd3B766CCDd6AE721141F452C550Ca635964ce71,true,true,false,0xe10bc8e801ea325ae069524a5131e7acbe3aee392413c499e069f352a9d08810,1020,207628,1789654090931,1789654092049,1118,
195,0xcd3B766CCDd6AE721141F452C550Ca635964ce71,0x2546BcD3c84621e976D8185a91A922aE77ECEc30,true,true,false,0x366d72b4a73947c46111544fa98e8c2478db5422becb9c79e5eccee5d9fa562c,1020,207628,1789654091025,1789654092063,1038,
196,0x2546BcD3c84621e976D8185a91A922aE77ECEc30,0xbDA5747bFD65F08deb54cb465eB87D40e51B197E,true,true,false,0x56b1b5f04fc82188c79195e1edf77015ecf1c148a927edd4439de041681640f4,1020,207628,1789654091113,1789654092033,920,
197,0xbDA5747bFD65F08deb54cb465eB87D40e51B197E,0xdD2FD4581271e230360230F9337D5c0430Bf44C0,true,true,false,0xca1592e5295523930e393ba9aeb5710037084307334b032a223c95b50a618a2e,1020,207616,1789654091221,1789654092061,840,
198,0xdD2FD4581271e230360230F9337D5c0430Bf44C0,0x8626f6940E2eb28930eFb4CeF49B2d1F2C9C1199,true,true,false,0xe517f0a36abad4a49d7ddc573c3a1af643fe8c638d9311cf4005495bfb2630d8,1020,207628,1789654091322,1789654092035,713,
199,0x8626f6940E2eb28930eFb4CeF49B2d1F2C9C1199,0x09DB0a93B389bEF724429898f539AEB7ac2Dd55f,true,true,false,0xeaa488286889175b02da258c0f43129650851b0078715f61f9a3442c2efd990e,1020,207628,1789654091416,1789654092060,644,
200,0x09DB0a93B389bEF724429898f539AEB7ac2Dd55f,0x70997970C51812dc3A010C7d01b50e0d17dc79C8,true,true,false,0xaaa7cc8df1e6dd009d8a80814ee386aad9fe92680c4bbf9a81a1c4085688becc,1020,207628,1789654091515,1789654092079,564,
201,0x70997970C51812dc3A010C7d01b50e0d17dc79C8,0x3C44CdDdB6a900fa2b585dd299e03d12FA4293BC,true,true,false,0xaa9d11e5eda47684767eb5336e8e9a5a6317bd4d60536ab9a83783404085592d,1021,207616,1789654092095,1789654093929,1834,
202,0x3C44CdDdB6a900fa2b585dd299e03d12FA4293BC,0x90F79bf6EB2c4f870365E785982E1f101E93b906,true,true,false,0xf8f7e0fc763df24af66987faa334e86d6ec66291aba98b375dc36672f466ad37,1021,207616,1789654092098,1789654093932,1834,
203,0x90F79bf6EB2c4f870365E785982E1f101E93b906,0x15d34AAf54267DB7D7c367839AAf71A00a2C6A65,true,true,false,0xf53f7f809afb41e1a89ea5ef13da11588afa8e03b02d40750a8ee35fa87b7b03,1021,207628,1789654092103,1789654093936,1833,
204,0x15d34AAf54267DB7D7c367839AAf71A00a2C6A65,0x9965507D1a55bcC2695C58ba16FB37d819B0A4dc,true,true,false,0xe3f0034f2e38cc31d2b239ee916bb43dbfa83db9b53400ec9ef581ba8ace0bef,1021,207628,1789654092111,1789654093939,1828,
205,0x9965507D1a55bcC2695C58ba16FB37d819B0A4dc,0x976EA74026E726554dB657fA54763abd0C3a0aa9,true,true,false,0xaf9ed11b2f0e399ded0b0e923ae3cd749db56181c4d1b1e9f952420067295d38,1021,207628,1789654092114,1789654093942,1828,
206,0x976EA74026E726554dB657fA54763abd0C3a0aa9,0x14dC79964da2C08b23698B3D3cc7Ca32193d9955,true,true,false,0x6533d2b53a08841c6279a2731e9c9d067f3f1696d65f7d6ea56d5d2013a1993b,1021,207628,1789654092129,1789654093944,1815,
207,0x14dC79964da2C08b23698B3D3cc7Ca32193d9955,0x23618e81E3f5cdF7f54C3d65f7FBc0aBf5B21E8f,true,true,false,0x6ad24f1acccb02641fedfd3bc6c25c828b1376baf5e19a60cbb90cc05eb7c35f,1021,207628,1789654092234,1789654093968,1734,
208,0x23618e81E3f5cdF7f54C3d65f7FBc0aBf5B21E8f,0xa0Ee7A142d267C1f36714E4a8F75612F20a79720,true,true,false,0xe359ffc07e7f6e5532514218c0d61956fec49eb8e37d096a35e5a764d555400c,1021,207628,1789654092353,1789654093946,1593,
209,0xa0Ee7A142d267C1f36714E4a8F75612F20a79720,0xBcd4042DE499D14e55001CcbB24a551F3b954096,true,true,false,0x23f0cbf12a702e3f6c372fc817c9fd1acc7352ed6a2a11167f547ab359eaf2b9,1021,207616,1789654092433,1789654093964,1531,
210,0xBcd4042DE499D14e55001CcbB24a551F3b954096,0x71bE63f3384f5fb98995898A86B02Fb2426c5788,true,true,false,0x040536a74ce978d9f4bd068118acd00838755998eef49b30c9079360d015e93d,1021,207616,1789654092532,1789654093926,1394,
211,0x71bE63f3384f5fb98995898A86B02Fb2426c5788,0xFABB0ac9d68B0B445fB7357272Ff202C5651694a,true,true,false,0x931cd291e8acb3e548234ae4081834020e36739f5a4555c99500e9b36b29a1de,1021,207628,1789654092626,1789654093962,1336,
212,0xFABB0ac9d68B0B445fB7357272Ff202C5651694a,0x1CBd3b2770909D4e10f157cABC84C7264073C9Ec,true,true,false,0xf1a379a2356b2691d9cb5e76e0fed6ca5959b0405ecab7f15f3120a1eb770dfe,1021,207628,1789654092720,1789654093915,1195,
213,0x1CBd3b2770909D4e10f157cABC84C7264073C9Ec,0xdF3e18d64BC6A983f673Ab319CCaE4f1a57C7097,true,true,false,0x6324dff52d6564ea1dfd08f1fc4a44af589b1fd9d6f5822bfe3772b4ae6f6113,1021,207616,1789654092831,1789654093960,1129,
214,0xdF3e18d64BC6A983f673Ab319CCaE4f1a57C7097,0xcd3B766CCDd6AE721141F452C550Ca635964ce71,true,true,false,0x459dfd1e5a00aabf71cb460fcd799c351bc6abda9941a547fadf5d4a46805462,1021,207628,1789654092929,1789654093904,975,
215,0xcd3B766CCDd6AE721141F452C550Ca635964ce71,0x2546BcD3c84621e976D8185a91A922aE77ECEc30,true,true,false,0xdd77e743a253ade72b376d666b59be4054189479085586acbb685f5c1b8df362,1021,207628,1789654093023,1789654093952,929,
216,0x2546BcD3c84621e976D8185a91A922aE77ECEc30,0xbDA5747bFD65F08deb54cb465eB87D40e51B197E,true,true,false,0x74871f69079dd7339cd3ad26d80b5e8557daae073b66e42f45a62336cf8039fa,1021,207628,1789654093136,1789654093918,782,
217,0xbDA5747bFD65F08deb54cb465eB87D40e51B197E,0xdD2FD4581271e230360230F9337D5c0430Bf44C0,true,true,false,0x7efe4881ecd05fd9ceaea542f6c5760b25f3a552cb4e97f73c84bd1b1d751b5d,1021,207628,1789654093229,1789654093957,728,
218,0xdD2FD4581271e230360230F9337D5c0430Bf44C0,0x8626f6940E2eb28930eFb4CeF49B2d1F2C9C1199,true,true,false,0xff0b5063bea6fa429d0b49d0c1fe3b8721ae52255c5e61dea4a979b487500db4,1021,207616,1789654093324,1789654093978,654,
219,0x8626f6940E2eb28930eFb4CeF49B2d1F2C9C1199,0x09DB0a93B389bEF724429898f539AEB7ac2Dd55f,true,true,false,0x08909c7f863b9cd95efd7e4d9a4a4955876927a86ceb956d1d99584e05be3c91,1021,207628,1789654093425,1789654093948,523,
220,0x09DB0a93B389bEF724429898f539AEB7ac2Dd55f,0x70997970C51812dc3A010C7d01b50e0d17dc79C8,true,true,false,0xd3c03798cf78fd94d7a13377848fde0aebb390f192387c67d47fd65d580914ac,1021,207628,1789654093529,1789654093976,447,
221,0x70997970C51812dc3A010C7d01b50e0d17dc79C8,0x3C44CdDdB6a900fa2b585dd299e03d12FA4293BC,true,true,false,0xbf4c18914c0cedd7a65438ffc17805f5c2f180b95a696234a60a36fb91d5f387,1022,207604,1789654094000,1789654095686,1686,
222,0x3C44CdDdB6a900fa2b585dd299e03d12FA4293BC,0x90F79bf6EB2c4f870365E785982E1f101E93b906,true,true,false,0xf381257dc0479631e67e228db2156bbf3bfe05b4c4f7da35d57259b932cd15df,1022,207616,1789654094013,1789654095687,1674,
223,0x90F79bf6EB2c4f870365E785982E1f101E93b906,0x15d34AAf54267DB7D7c367839AAf71A00a2C6A65,true,true,false,0xb48ceb93a79488d519fa726c5044851f3dbf956a09a1abe5fe4d44234f9328a2,1022,207628,1789654094017,1789654095687,1670,
224,0x15d34AAf54267DB7D7c367839AAf71A00a2C6A65,0x9965507D1a55bcC2695C58ba16FB37d819B0A4dc,true,true,false,0x9a5a8bb0536f9cba19dbd8404bc5a9ac7bc1a224fc96f8d9d04235d6a031f5be,1022,207628,1789654094023,1789654095687,1664,
225,0x9965507D1a55bcC2695C58ba16FB37d819B0A4dc,0x976EA74026E726554dB657fA54763abd0C3a0aa9,true,true,false,0xb88821b107a6c203c71b897390b7e4bf723d364d763d473e6dad5be209729231,1022,207616,1789654094044,1789654095701,1657,
226,0x976EA74026E726554dB657fA54763abd0C3a0aa9,0x14dC79964da2C08b23698B3D3cc7Ca32193d9955,true,true,false,0x57143bc8adea789e1f05696fea334543d21b9068194942a519bb35b1b8d14516,1022,207628,1789654094131,1789654095629,1498,
227,0x14dC79964da2C08b23698B3D3cc7Ca32193d9955,0x23618e81E3f5cdF7f54C3d65f7FBc0aBf5B21E8f,true,true,false,0x3aa434fc2c5364b43237463aac859da9a9e3e7d1e54acb58ed1bb234d72a2b5c,1022,207628,1789654094223,1789654095672,1449,
228,0x23618e81E3f5cdF7f54C3d65f7FBc0aBf5B21E8f,0xa0Ee7A142d267C1f36714E4a8F75612F20a79720,true,true,false,0xad9666f946793d8470415d78ba0b852dbc87721e26ba1a6a3d8dc984d0b2d76f,1022,207628,1789654094323,1789654095629,1306,
229,0xa0Ee7A142d267C1f36714E4a8F75612F20a79720,0xBcd4042DE499D14e55001CcbB24a551F3b954096,true,true,false,0xdec17fd417b285d958b0c831ab6014680619b041891b0739433ee67091e08194,1022,207616,1789654094432,1789654095686,1254,
230,0xBcd4042DE499D14e55001CcbB24a551F3b954096,0x71bE63f3384f5fb98995898A86B02Fb2426c5788,true,true,false,0x3f45ecb9f44ce53276237bf8421daa5091a3d76c625f3094e8ec769c1b3293f6,1022,207616,1789654094523,1789654095628,1105,
231,0x71bE63f3384f5fb98995898A86B02Fb2426c5788,0xFABB0ac9d68B0B445fB7357272Ff202C5651694a,true,true,false,0xbf2522c6d43323b4d8b165170c432daad25086cdbf02b81c09b0dacabce61e66,1022,207628,1789654094619,1789654095671,1052,
232,0xFABB0ac9d68B0B445fB7357272Ff202C5651694a,0x1CBd3b2770909D4e10f157cABC84C7264073C9Ec,true,true,false,0xbad018974ed7d4dd3ee6d7aed863c3498da8b42bec40a0d32e4c2ca2f74b4296,1022,207628,1789654094714,1789654095749,1035,
233,0x1CBd3b2770909D4e10f157cABC84C7264073C9Ec,0xdF3e18d64BC6A983f673Ab319CCaE4f1a57C7097,true,true,false,0x6e2c0f4fd361b19a357331b1eac8dde6c6b157e186657a9308a92f78d951499a,1022,207628,1789654094827,1789654095671,844,
234,0xdF3e18d64BC6A983f673Ab319CCaE4f1a57C7097,0xcd3B766CCDd6AE721141F452C550Ca635964ce71,true,true,false,0x71be7aea3ab9f3f240449bfebb49359a4061c27b0136250ac8f8b6815f7520a2,1022,207604,1789654094925,1789654095751,826,
235,0xcd3B766CCDd6AE721141F452C550Ca635964ce71,0x2546BcD3c84621e976D8185a91A922aE77ECEc30,true,true,false,0x44d6f2f95c31ba13a0969363993af54c31850091b0e62985c33a2708014d529f,1022,207628,1789654095017,1789654095654,637,
236,0x2546BcD3c84621e976D8185a91A922aE77ECEc30,0xbDA5747bFD65F08deb54cb465eB87D40e51B197E,true,true,false,0x168eddfb4680a43a4f9470e087de145be4bcd08feeeb0ee3df8a2611447af984,1022,207628,1789654095131,1789654095752,621,
237,0xbDA5747bFD65F08deb54cb465eB87D40e51B197E,0xdD2FD4581271e230360230F9337D5c0430Bf44C0,true,true,false,0x72f9aa73b83ff2f1db1738ff4eab102b87f81f28db6610fbeb44e3c1839527e3,1022,207628,1789654095227,1789654095655,428,
238,0xdD2FD4581271e230360230F9337D5c0430Bf44C0,0x8626f6940E2eb28930eFb4CeF49B2d1F2C9C1199,true,true,false,0xa37e4a05653b7bcd0b7e4642b8bd45af3bffea38f205c866a7ae3635e5d023b6,1022,207628,1789654095315,1789654095733,418,
239,0x8626f6940E2eb28930eFb4CeF49B2d1F2C9C1199,0x09DB0a93B389bEF724429898f539AEB7ac2Dd55f,true,true,false,0x5799587586dd73c90111713d87d842801e090f836ff68e34f8831157aa782989,1022,207616,1789654095442,1789654095671,229,
240,0x09DB0a93B389bEF724429898f539AEB7ac2Dd55f,0x70997970C51812dc3A010C7d01b50e0d17dc79C8,true,true,false,0xa3aafd4ae33bfefecf3d05f6478dc9c9c33c8c1418955061ee8792635d66837e,1022,207628,1789654095527,1789654095734,207,
241,0x70997970C51812dc3A010C7d01b50e0d17dc79C8,0x3C44CdDdB6a900fa2b585dd299e03d12FA4293BC,true,true,false,0xa69efab98d7d05ddb12dae4b76f9d75df914c71824bc8520b337764c48fea916,1023,207616,1789654095630,1789654097699,2069,
242,0x3C44CdDdB6a900fa2b585dd299e03d12FA4293BC,0x90F79bf6EB2c4f870365E785982E1f101E93b906,true,true,false,0x50b6b14bb58cbaf29154638dae69e9a59d51756e95730534e67bcad6d24dfe65,1023,207616,1789654095705,1789654097766,2061,
243,0x90F79bf6EB2c4f870365E785982E1f101E93b906,0x15d34AAf54267DB7D7c367839AAf71A00a2C6A65,true,true,false,0xedb6783208c4a61cd549778d5e882d979aff4b7873bf139f041d477985f7798a,1023,207628,1789654095827,1789654097698,1871,
244,0x15d34AAf54267DB7D7c367839AAf71A00a2C6A65,0x9965507D1a55bcC2695C58ba16FB37d819B0A4dc,true,true,false,0x011778595825037f395c6cede3e3dcdafa68121b4e8e47b7b53a1ff08acc2862,1023,207628,1789654095923,1789654097680,1757,
245,0x9965507D1a55bcC2695C58ba16FB37d819B0A4dc,0x976EA74026E726554dB657fA54763abd0C3a0aa9,true,true,false,0xa4f48c4672ac59be6baef7a5a156a7993675c46869ce093c25dffd52af2dcdfc,1023,207628,1789654096015,1789654097682,1667,
246,0x976EA74026E726554dB657fA54763abd0C3a0aa9,0x14dC79964da2C08b23698B3D3cc7Ca32193d9955,true,true,false,0x92f416f0056ae5e286cafecb3f83fa8d6316930bfb7af0b0140b8ce55792d845,1023,207616,1789654096119,1789654097680,1561,
247,0x14dC79964da2C08b23698B3D3cc7Ca32193d9955,0x23618e81E3f5cdF7f54C3d65f7FBc0aBf5B21E8f,true,true,false,0x4a2b1f29d1b76435bd9fef66fe10df9c43f64d1e78096d18e273fca8e30d0003,1023,207628,1789654096218,1789654097682,1464,
248,0x23618e81E3f5cdF7f54C3d65f7FBc0aBf5B21E8f,0xa0Ee7A142d267C1f36714E4a8F75612F20a79720,true,true,false,0x8131a159d4a7f5f14eda4d4c308c6e62c65fd82da3c92c84705c4523c6decf9d,1023,207628,1789654096312,1789654097748,1436,
249,0xa0Ee7A142d267C1f36714E4a8F75612F20a79720,0xBcd4042DE499D14e55001CcbB24a551F3b954096,true,true,false,0xe58c81945d2a052b23133676fdf2db9a1561e29c8f055e41d0717c5acfdf980e,1023,207616,1789654096419,1789654097682,1263,
250,0xBcd4042DE499D14e55001CcbB24a551F3b954096,0x71bE63f3384f5fb98995898A86B02Fb2426c5788,true,true,false,0x07e39e9a87cb6f62a4dddcd4ae65b67b88a4b7470ed51b9549f765a099260f95,1023,207616,1789654096524,1789654097768,1244,
251,0x71bE63f3384f5fb98995898A86B02Fb2426c5788,0xFABB0ac9d68B0B445fB7357272Ff202C5651694a,true,true,false,0x60619aecb26db885279be6b934c4eec91767a2beaea838dedae8cf7523fcf670,1023,207616,1789654096618,1789654097682,1064,
252,0xFABB0ac9d68B0B445fB7357272Ff202C5651694a,0x1CBd3b2770909D4e10f157cABC84C7264073C9Ec,true,true,false,0x9cbf1489d3e387a22f60746ffed720d96bf1fdfd40b3f2bec35086b0e05eff22,1023,207616,1789654096721,1789654097748,1027,
253,0x1CBd3b2770909D4e10f157cABC84C7264073C9Ec,0xdF3e18d64BC6A983f673Ab319CCaE4f1a57C7097,true,true,false,0xdcdb037c735361e047c6a56a0979fee48d5ffa23ecc745666bb1e65d30f1f753,1023,207628,1789654096817,1789654097681,864,
254,0xdF3e18d64BC6A983f673Ab319CCaE4f1a57C7097,0xcd3B766CCDd6AE721141F452C550Ca635964ce71,true,true,false,0xd13d815230270476194c0724a35ec5382e5bfb7e8583d943ca6d817b24dbc1ec,1023,207628,1789654096914,1789654097747,833,
255,0xcd3B766CCDd6AE721141F452C550Ca635964ce71,0x2546BcD3c84621e976D8185a91A922aE77ECEc30,true,true,false,0x33a3a9e27b788593ad9526d4f103a9d050da4c5261349d6c177fd88759b68311,1023,207628,1789654097016,1789654097681,665,
256,0x2546BcD3c84621e976D8185a91A922aE77ECEc30,0xbDA5747bFD65F08deb54cb465eB87D40e51B197E,true,true,false,0xae33a5073812091628728eaa13cced5b13621ff11b275c7d613764bef613da83,1023,207628,1789654097122,1789654097748,626,
257,0xbDA5747bFD65F08deb54cb465eB87D40e51B197E,0xdD2FD4581271e230360230F9337D5c0430Bf44C0,true,true,false,0xe2d142c35f3deb90b39499a4e7026862cc8279d856315c43c0986f92904062ca,1023,207628,1789654097210,1789654097681,471,
258,0xdD2FD4581271e230360230F9337D5c0430Bf44C0,0x8626f6940E2eb28930eFb4CeF49B2d1F2C9C1199,true,true,false,0x75b4694fd906c3c80ad6a29ed2bbcefd7d4edc391cec3d5beb46f1404ff9bd1e,1023,207628,1789654097309,1789654097718,409,
259,0x8626f6940E2eb28930eFb4CeF49B2d1F2C9C1199,0x09DB0a93B389bEF724429898f539AEB7ac2Dd55f,true,true,false,0x151db266d17c59da5de081fb037829be3b18c3be0af99e6fe7df40db59487eb9,1023,207616,1789654097422,1789654097681,259,
260,0x09DB0a93B389bEF724429898f539AEB7ac2Dd55f,0x70997970C51812dc3A010C7d01b50e0d17dc79C8,true,true,false,0xcb34e75bcf4cbdaf480b597f2080aa8acd16f2556859338f1f4131534c1f43e8,1023,207628,1789654097515,1789654097719,204,
261,0x70997970C51812dc3A010C7d01b50e0d17dc79C8,0x3C44CdDdB6a900fa2b585dd299e03d12FA4293BC,true,true,false,0xc3ff9b2acb5aa7a57b26c6cc2b6d82665cf73a96ba2c2a83a7efd98cb6344118,1024,207604,1789654097686,1789654099771,2085,
262,0x3C44CdDdB6a900fa2b585dd299e03d12FA4293BC,0x90F79bf6EB2c4f870365E785982E1f101E93b906,true,true,false,0x7d8fec394e1883aa927212b47958b5914d7033c073dc88bb8d81859cc2d8fe25,1024,207616,1789654097718,1789654099763,2045,
263,0x90F79bf6EB2c4f870365E785982E1f101E93b906,0x15d34AAf54267DB7D7c367839AAf71A00a2C6A65,true,true,false,0xc8e2ddc50d1abba0e8feb19367b4d35f9910b27b8239ed0bb96fc77453ab105a,1024,207628,1789654097826,1789654099766,1940,
264,0x15d34AAf54267DB7D7c367839AAf71A00a2C6A65,0x9965507D1a55bcC2695C58ba16FB37d819B0A4dc,true,true,false,0x7f69e4e94a6f6b46cd2789f752642f479c843ac5718d979cbf6caf6353930df5,1024,207628,1789654097919,1789654099762,1843,
265,0x9965507D1a55bcC2695C58ba16FB37d819B0A4dc,0x976EA74026E726554dB657fA54763abd0C3a0aa9,true,true,false,0x45a7ca8fab33aa0371b25da0b67698ce734912518587be9e56cec0670d956840,1024,207628,1789654098017,1789654099766,1749,
266,0x976EA74026E726554dB657fA54763abd0C3a0aa9,0x14dC79964da2C08b23698B3D3cc7Ca32193d9955,true,true,false,0xa9a9d275ce0d97f970fd37afe10f42889fbd4d6feefdb062767b1b1b368bfb75,1024,207604,1789654098117,1789654099773,1656,
267,0x14dC79964da2C08b23698B3D3cc7Ca32193d9955,0x23618e81E3f5cdF7f54C3d65f7FBc0aBf5B21E8f,true,true,false,0xaaa02cce812236014b0df1d51d73f75518e6568d3d5f9db40530c6fda908b3b4,1024,207628,1789654098239,1789654099766,1527,
268,0x23618e81E3f5cdF7f54C3d65f7FBc0aBf5B21E8f,0xa0Ee7A142d267C1f36714E4a8F75612F20a79720,true,true,false,0x56a39052ee2572158c219fe3f00d3540143d86c58513869456efb6b6e30a1ca9,1024,207616,1789654098320,1789654099773,1453,
269,0xa0Ee7A142d267C1f36714E4a8F75612F20a79720,0xBcd4042DE499D14e55001CcbB24a551F3b954096,true,true,false,0x0cf1fce5b36cea14cef5709828c31a256b0c6b403acf381498f9898b3f7edcd6,1024,207616,1789654098428,1789654099765,1337,
270,0xBcd4042DE499D14e55001CcbB24a551F3b954096,0x71bE63f3384f5fb98995898A86B02Fb2426c5788,true,true,false,0x7181d4e0c8a18dec8d03ca01b69f502d6e9da571819085eb3d0dcad800379371,1024,207604,1789654098524,1789654099772,1248,
271,0x71bE63f3384f5fb98995898A86B02Fb2426c5788,0xFABB0ac9d68B0B445fB7357272Ff202C5651694a,true,true,false,0x6fb9a1777260a302cb5bd13e497ced203b535e46e8d7bae25d461c57945f7708,1024,207628,1789654098620,1789654099765,1145,
272,0xFABB0ac9d68B0B445fB7357272Ff202C5651694a,0x1CBd3b2770909D4e10f157cABC84C7264073C9Ec,true,true,false,0x1fc0f53ae622dce49471a4e58ad9a9191924c6a18be539fe9045c1b22d4fef29,1024,207628,1789654098727,1789654099771,1044,
273,0x1CBd3b2770909D4e10f157cABC84C7264073C9Ec,0xdF3e18d64BC6A983f673Ab319CCaE4f1a57C7097,true,true,false,0x5ca374124be873ffe251d217a69f292e59707432585ddba2eec86fa22b290c8e,1024,207628,1789654098823,1789654099765,942,
274,0xdF3e18d64BC6A983f673Ab319CCaE4f1a57C7097,0xcd3B766CCDd6AE721141F452C550Ca635964ce71,true,true,false,0x7d35b7a4ff260b418902fc938ed248a8e379a600fe8a8a093545c44b5ccf5c81,1024,207628,1789654098921,1789654099770,849,
275,0xcd3B766CCDd6AE721141F452C550Ca635964ce71,0x2546BcD3c84621e976D8185a91A922aE77ECEc30,true,true,false,0x1c7f28a8ccf964eee847ace52b84831f14d4a037f57817387fdacb9d5b7ff5c2,1024,207604,1789654099018,1789654099764,746,
276,0x2546BcD3c84621e976D8185a91A922aE77ECEc30,0xbDA5747bFD65F08deb54cb465eB87D40e51B197E,true,true,false,0xee4311c6fb77691139fc946ad328d90b260706a42b436be15422b3e3fb6c9813,1024,207628,1789654099115,1789654099770,655,
277,0xbDA5747bFD65F08deb54cb465eB87D40e51B197E,0xdD2FD4581271e230360230F9337D5c0430Bf44C0,true,true,false,0xcab2378be7ed392ee946d05f99a8b9a0424a1dd51c62f938ac8044485be0dc11,1024,207628,1789654099222,1789654099764,542,
278,0xdD2FD4581271e230360230F9337D5c0430Bf44C0,0x8626f6940E2eb28930eFb4CeF49B2d1F2C9C1199,true,true,false,0x090492021ca3ee328edb915276235c74d498e47492f479fd30a7708d5f7b01b5,1024,207628,1789654099316,1789654099769,453,
279,0x8626f6940E2eb28930eFb4CeF49B2d1F2C9C1199,0x09DB0a93B389bEF724429898f539AEB7ac2Dd55f,true,true,false,0x0d7e7ff127255a00f960f5aad598a719db488e9110bfb7c0e559f6ab92109110,1024,207628,1789654099427,1789654099764,337,
280,0x09DB0a93B389bEF724429898f539AEB7ac2Dd55f,0x70997970C51812dc3A010C7d01b50e0d17dc79C8,true,true,false,0x1cfab4c06fde383572ff9a965f9552516fd047390c37f8a1cb04ccc185406b27,1024,207628,1789654099522,1789654099768,246,
281,0x70997970C51812dc3A010C7d01b50e0d17dc79C8,0x3C44CdDdB6a900fa2b585dd299e03d12FA4293BC,true,true,false,0xc47d9ce261abad1a5d67629188a980900bc5d1d3a816151525fadd5c05378060,1025,207604,1789654099774,1789654101713,1939,
282,0x3C44CdDdB6a900fa2b585dd299e03d12FA4293BC,0x90F79bf6EB2c4f870365E785982E1f101E93b906,true,true,false,0x029973700251203bb8ebec0ea26f6742d473d4da040137cd43d462daee88d2e0,1025,207616,1789654099774,1789654101713,1939,
283,0x90F79bf6EB2c4f870365E785982E1f101E93b906,0x15d34AAf54267DB7D7c367839AAf71A00a2C6A65,true,true,false,0xda9c30f7fed5937eb19e10ebabb9b7b64b6da9b1b38b74e6f8024a0cc8753321,1025,207628,1789654099813,1789654101716,1903,
284,0x15d34AAf54267DB7D7c367839AAf71A00a2C6A65,0x9965507D1a55bcC2695C58ba16FB37d819B0A4dc,true,true,false,0x85ee032dfc50ca56acdbdc8658f9e81a5844c79f90505754a6c2dc35e669bcef,1025,207628,1789654099911,1789654101767,1856,
285,0x9965507D1a55bcC2695C58ba16FB37d819B0A4dc,0x976EA74026E726554dB657fA54763abd0C3a0aa9,true,true,false,0xaaae395424d9307e663a318d6da8f534eadf2302fd4531385699087246b55e4b,1025,207628,1789654100032,1789654101716,1684,
286,0x976EA74026E726554dB657fA54763abd0C3a0aa9,0x14dC79964da2C08b23698B3D3cc7Ca32193d9955,true,true,false,0x77ca37549148095e61a71f74968e5499e9a7f72e7da82f89ff95c3dba611ff05,1025,207628,1789654100115,1789654101768,1653,
287,0x14dC79964da2C08b23698B3D3cc7Ca32193d9955,0x23618e81E3f5cdF7f54C3d65f7FBc0aBf5B21E8f,true,true,false,0xcc418a52b81fec557f83d3e8dbcbb725521d3791099a79ebd206d6c794a28d91,1025,207616,1789654100217,1789654101715,1498,
288,0x23618e81E3f5cdF7f54C3d65f7FBc0aBf5B21E8f,0xa0Ee7A142d267C1f36714E4a8F75612F20a79720,true,true,false,0x18e15f60ff3b714ba0a6cfcaa75e34146514802a8580a66aa8e23418f065e26d,1025,207628,1789654100315,1789654101766,1451,
289,0xa0Ee7A142d267C1f36714E4a8F75612F20a79720,0xBcd4042DE499D14e55001CcbB24a551F3b954096,true,true,false,0x9a4871f5d739a7e81731bc5c2830060c900b13780de5ee47cc89b877d4b2f71f,1025,207616,1789654100408,1789654101714,1306,
290,0xBcd4042DE499D14e55001CcbB24a551F3b954096,0x71bE63f3384f5fb98995898A86B02Fb2426c5788,true,true,false,0xfc74749f4c092da4664e7f18d0cb0106234edb48ac536270c4ecc8140405087c,1025,207616,1789654100523,1789654101765,1242,
291,0x71bE63f3384f5fb98995898A86B02Fb2426c5788,0xFABB0ac9d68B0B445fB7357272Ff202C5651694a,true,true,false,0xe99ef64f4cab0dc0ccd34e3d4ae6c1375faa1ec1031fe25a5d792d5a71a32eab,1025,207628,1789654100630,1789654101715,1085,
292,0xFABB0ac9d68B0B445fB7357272Ff202C5651694a,0x1CBd3b2770909D4e10f157cABC84C7264073C9Ec,true,true,false,0x8c991181e0d9fc316de85f837dfd00902e825c046d1282d154f781351f137f81,1025,207628,1789654100707,1789654101736,1029,
293,0x1CBd3b2770909D4e10f157cABC84C7264073C9Ec,0xdF3e18d64BC6A983f673Ab319CCaE4f1a57C7097,true,true,false,0x9bfd27531cb5a448371a6de3cb0250770a1f74f350f05a39b2e1496ae0f62d56,1025,207604,1789654100816,1789654101712,896,
294,0xdF3e18d64BC6A983f673Ab319CCaE4f1a57C7097,0xcd3B766CCDd6AE721141F452C550Ca635964ce71,true,true,false,0x4c95cc2723a6ca05be90571c0fba318ba3c8b3d0399dbde314d12f119852a2e4,1025,207616,1789654100915,1789654101751,836,
295,0xcd3B766CCDd6AE721141F452C550Ca635964ce71,0x2546BcD3c84621e976D8185a91A922aE77ECEc30,true,true,false,0xab727211afd123a682ec6bb940f386c4c64c79cb8d7a135fd8675f44ee7dbbb0,1025,207628,1789654101019,1789654101712,693,
296,0x2546BcD3c84621e976D8185a91A922aE77ECEc30,0xbDA5747bFD65F08deb54cb465eB87D40e51B197E,true,true,false,0x3f9dc9fec5e25f15501a44f4c99308931d581588707ff8fb72a2e98415a6a19b,1025,207616,1789654101118,1789654101750,632,
297,0xbDA5747bFD65F08deb54cb465eB87D40e51B197E,0xdD2FD4581271e230360230F9337D5c0430Bf44C0,true,true,false,0x195ace383e9d775446d5dc2e8a71185846369d9a4ab0702c97be5fb7dd7ad936,1025,207628,1789654101218,1789654101711,493,
298,0xdD2FD4581271e230360230F9337D5c0430Bf44C0,0x8626f6940E2eb28930eFb4CeF49B2d1F2C9C1199,true,true,false,0xf510d88da1dc48d191e40485f941bd5a8dc98a64347f0c1c0770ce2b908f35d5,1025,207628,1789654101314,1789654101735,421,
299,0x8626f6940E2eb28930eFb4CeF49B2d1F2C9C1199,0x09DB0a93B389bEF724429898f539AEB7ac2Dd55f,true,true,false,0x1a851cd32bf019c4b17bb74f13614b0c5eb018ec975ca4a0e99e42650d2d7adc,1025,207616,1789654101424,1789654101711,287,
300,0x09DB0a93B389bEF724429898f539AEB7ac2Dd55f,0x70997970C51812dc3A010C7d01b50e0d17dc79C8,true,true,false,0xb1cbc8b5fc7bc1a296fbb36971a6e0fa1408de07d20b48b950d263660462a83d,1025,207628,1789654101521,1789654101736,215,
