index,sponsor,nonce,tx_hash,scheduled_at,submitted_at,confirmed_at,latency_ms,block_number,gas_used,status,error
0,0x70997970C51812dc3A010C7d01b50e0d17dc79C8,0,0xa905ba38b7c043b4ff49f8bd394140ed0c02a66096a4dd0973d5214a3a55568e,1789648612693,1789648612703,1789648642620,29927,987,184986,CONFIRMED,
1,0x3C44CdDdB6a900fa2b585dd299e03d12FA4293BC,0,0x43e1f127f80d6a7a570293e2b4dd519928fdd7265edd6e1e4778e81a1100f7ce,1789648612799,1789648612812,1789648642623,29824,987,185010,CONFIRMED,
2,0x90F79bf6EB2c4f870365E785982E1f101E93b906,0,0x2a1efcfc7965df2a5fdd43215ab986f898ec91ca3fd9eb967ede9ff2c9047d16,1789648612894,1789648612905,1789648642625,29731,987,185022,CONFIRMED,
3,0x15d34AAf54267DB7D7c367839AAf71A00a2C6A65,0,0xf4fd0c28c120aaa26e729477d24aa296c994146df0d3806895374e89b0a2d681,1789648613005,1789648613023,1789648642627,29622,987,185022,CONFIRMED,
4,0x9965507D1a55bcC2695C58ba16FB37d819B0A4dc,0,0xd92f3f3bc589a42e5b974a7504abcc285f0014005c359fbffffacb8753c7f419,1789648613100,1789648613111,1789648642630,29530,987,184998,CONFIRMED,
5,0x976EA74026E726554dB657fA54763abd0C3a0aa9,0,0x2fbbf35c12f0b8e48fa61a67c3d7e7b7765d1f5918611cd4defc97d0886b0c38,1789648613195,1789648613211,1789648642633,29438,987,185022,CONFIRMED,
6,0x14dC79964da2C08b23698B3D3cc7Ca32193d9955,0,0xfd34f7c70917fd6863952aa3e746848c2ec6931f1ed68324b703395c1fde98a2,1789648613308,1789648613324,1789648642635,29327,987,185010,CONFIRMED,
7,0x23618e81E3f5cdF7f54C3d65f7FBc0aBf5B21E8f,0,0xf7a45c873207146657844a3b6c7863c816c734d17765138a5d21e14d98a4f6e6,1789648613402,1789648613418,1789648642637,29235,987,185010,CONFIRMED,
8,0xa0Ee7A142d267C1f36714E4a8F75612F20a79720,0,0xdfe2a2d282aaabce04a1200ae4aadb5ffe8cd8209c334a31204743d143c29223,1789648613496,1789648613505,1789648642640,29144,987,185010,CONFIRMED,
9,0xBcd4042DE499D14e55001CcbB24a551F3b954096,0,0x9de73b29b0f61569524a825b59631fbf35cb99b8a3fd43cbbd9684c8eadb2684,1789648613607,1789648613625,1789648642642,29035,987,185010,CONFIRMED,
10,0x71bE63f3384f5fb98995898A86B02Fb2426c5788,0,0x2c0a2341b32fb0329ae4925306357135a20c84a04eeae50268507eea17df58e3,1789648613702,1789648613718,1789648642645,28943,987,185022,CONFIRMED,
11,0xFABB0ac9d68B0B445fB7357272Ff202C5651694a,0,0xffa089efb9d25feb356e17e61c4ec8849c76966541fc0d5bf140c96053495741,1789648613798,1789648613805,1789648642647,28849,987,185010,CONFIRMED,
12,0x1CBd3b2770909D4e10f157cABC84C7264073C9Ec,0,0x817d62c6d1e2185152bb74125a48ec8f8e43eeeebb292e17f32b58d69980e939,1789648613894,1789648613910,1789648642650,28756,987,185022,CONFIRMED,
13,0xdF3e18d64BC6A983f673Ab319CCaE4f1a57C7097,0,0x5f917e69519567c3f5ec9682264e1030211763d691019be9429b3ffd728669f9,1789648614004,1789648614021,1789648642652,28648,987,185022,CONFIRMED,
14,0xcd3B766CCDd6AE721141F452C550Ca635964ce71,0,0xcd1a8538b344bfdc08d3a0b9771f0b2abcf106ad3534a2b3c755e1a19dba545a,1789648614099,1789648614106,1789648642654,28555,987,185022,CONFIRMED,
15,0x2546BcD3c84621e976D8185a91A922aE77ECEc30,0,0x6287f91df5beb73d3f64603d98d9946b0a46504a09b8ce9cb1f33717aeb67e74,1789648614193,1789648614203,1789648642656,28463,987,185022,CONFIRMED,
16,0xbDA5747bFD65F08deb54cb465eB87D40e51B197E,0,0x1be1485ad1db3d1243b64d446ccc701cb2c59266f43652cdc1333ff9967b96db,1789648614304,1789648614316,1789648642658,28354,987,185022,CONFIRMED,
17,0xdD2FD4581271e230360230F9337D5c0430Bf44C0,0,0x4f7d1fe324c9e0fd55df0f1ef450b1a4022668f9afab4c4ca1cd5e767ea09246,1789648614400,1789648614416,1789648642660,28260,987,185022,CONFIRMED,
18,0x8626f6940E2eb28930eFb4CeF49B2d1F2C9C1199,0,0xf29796a223ff8a59999dc7157e2c9fb79e3bbefdaffb0b1cd0640b67d163e4d3,1789648614495,1789648614518,1789648642662,28167,987,185022,CONFIRMED,
19,0x09DB0a93B389bEF724429898f539AEB7ac2Dd55f,0,0xa2356cf12f1ac61637946e86466a97b21b10a4a56bd1ca53a98cbd9821c9a635,1789648614605,1789648614628,1789648642663,28058,988,185022,CONFIRMED,
20,0x70997970C51812dc3A010C7d01b50e0d17dc79C8,1,0xbce87951ce2852f8b3c93b3409fa50f2ca0c4639e97e9a505efb46103a7f7b5f,1789648614700,1789648614709,1789648642666,27966,988,184998,CONFIRMED,
21,0x3C44CdDdB6a900fa2b585dd299e03d12FA4293BC,1,0xd7be993c672d75412e99923e7237b12c5dd99afd900267b8167db43f152cf91b,1789648614797,1789648614806,1789648642670,27873,988,185010,CONFIRMED,
22,0x90F79bf6EB2c4f870365E785982E1f101E93b906,1,0x1ee856b940ad4373282745cae7798dc8ae5ed876729913214e82dd79306bda82,1789648614893,1789648614910,1789648642673,27780,988,185022,CONFIRMED,
23,0x15d34AAf54267DB7D7c367839AAf71A00a2C6A65,1,0xb834f9dcbd19061b1413bd54f378922f70d566592a74c4976fd5bf912d9cb1bf,1789648615003,1789648615019,1789648642675,27672,988,185022,CONFIRMED,
24,0x9965507D1a55bcC2695C58ba16FB37d819B0A4dc,1,0x385c8daded900e89cf610a2b2e37555734012bcfb0ca760e2475e114526a5c52,1789648615098,1789648615112,1789648642677,27579,988,185022,CONFIRMED,
25,0x976EA74026E726554dB657fA54763abd0C3a0aa9,1,0x05afb978ae3c6c9b63aaec075ecc0de151c00552ce1e3480efb63438a254ed25,1789648615208,1789648615216,1789648642678,27470,988,185022,CONFIRMED,
26,0x14dC79964da2C08b23698B3D3cc7Ca32193d9955,1,0x44f0a7c431ea62f6ead70c53bd8b406e0783d95bda81d0bf92b388eefd481a92,1789648615303,1789648615314,1789648642680,27377,988,185022,CONFIRMED,
27,0x23618e81E3f5cdF7f54C3d65f7FBc0aBf5B21E8f,1,0x7ef8486f6c9c8247194eea131c5dabd62e52da1c0c32d8f1482dcd747462ebb7,1789648615398,1789648615413,1789648642681,27283,988,185022,CONFIRMED,
28,0xa0Ee7A142d267C1f36714E4a8F75612F20a79720,1,0xa44c172eb1bc853b9c4c4288cad8f0a34e069c6cd21885d0b8cd77fb5060f2c3,1789648615494,1789648615512,1789648642684,27190,988,184998,CONFIRMED,
29,0xBcd4042DE499D14e55001CcbB24a551F3b954096,1,0xed2dae7b1445772d7a31137da8c4cbe131c46735ea46ceb56eb21b524994eacc,1789648615604,1789648615610,1789648642687,27083,988,184998,CONFIRMED,
30,0x71bE63f3384f5fb98995898A86B02Fb2426c5788,1,0x7c5535123021191f62d0b9a37c4a74789ded2cbd1958bf588e5676a5ae16b8cf,1789648615699,1789648615713,1789648642689,26990,988,185022,CONFIRMED,
31,0xFABB0ac9d68B0B445fB7357272Ff202C5651694a,1,0xabd67260838d7cf3683ee373eb9c302ca1a00f1fea76da8ec34482f936523254,1789648615795,1789648615810,1789648642690,26895,988,185022,CONFIRMED,
32,0x1CBd3b2770909D4e10f157cABC84C7264073C9Ec,1,0x21b3816aa37f8276746492d5f59b8abf0c25d5bdc86faf7f6caa982a53d7a61a,1789648615907,1789648615923,1789648642692,26785,988,185022,CONFIRMED,
33,0xdF3e18d64BC6A983f673Ab319CCaE4f1a57C7097,1,0x8aba968782246cd89fc449ed347faf31bb640f4d08a05477f29a685af316fa01,1789648616002,1789648616020,1789648642694,26692,988,185022,CONFIRMED,
34,0xcd3B766CCDd6AE721141F452C550Ca635964ce71,1,0xf0ea73de318ad11a0034890ff7d67261d009cacf473ff02baa3870ba761d016b,1789648616097,1789648616112,1789648642696,26599,988,185022,CONFIRMED,
35,0x2546BcD3c84621e976D8185a91A922aE77ECEc30,1,0x09ef16a549cfe4d03d164b3ff1efea96109fe96f744cf9f5f12416b90bca3e7d,1789648616208,1789648616224,1789648642699,26491,988,185022,CONFIRMED,
36,0xbDA5747bFD65F08deb54cb465eB87D40e51B197E,1,0xc8b3ed8b1fd7075c7c58b3a939c3d1ec3aafe7948a2a352b9a23a0bcc1a6581f,1789648616303,1789648616318,1789648642701,26398,988,185022,CONFIRMED,
37,0xdD2FD4581271e230360230F9337D5c0430Bf44C0,1,0x3775e6cd488119fa2498f286d8b349bf73ba4641b6852b99ab254e8d49786907,1789648616398,1789648616415,1789648642702,26304,988,185022,CONFIRMED,
38,0x8626f6940E2eb28930eFb4CeF49B2d1F2C9C1199,1,0x91b0d3600a4dbe9678600ddc6015107fd2f6cd1366e8cced82fb02d54f63f355,1789648616492,1789648616512,1789648642704,26212,988,185010,CONFIRMED,
39,0x09DB0a93B389bEF724429898f539AEB7ac2Dd55f,1,0xec0e0fdd606f9af8e3f815fc7729e1af53a1b8c2539a911ab0118118f3dce4c2,1789648616603,1789648616609,1789648642708,26105,988,185010,CONFIRMED,
40,0x70997970C51812dc3A010C7d01b50e0d17dc79C8,2,0xb9f7af5d8cedd3d9db43a4aca42e70a4428943b119cf7b6bdea2b2a833bca9e8,1789648616697,1789648616710,1789648642710,26013,989,185010,CONFIRMED,
41,0x3C44CdDdB6a900fa2b585dd299e03d12FA4293BC,2,0xfb339537d6473da4eb56f00f9e1423415124fc7d086230b8b915185df47840fe,1789648616808,1789648616823,1789648642713,25905,989,184998,CONFIRMED,
42,0x90F79bf6EB2c4f870365E785982E1f101E93b906,2,0xcbdec395bc1670a3be363cf5afe21713c1caaef9158737589ad49d85919a66cd,1789648616904,1789648616918,1789648642714,25810,989,185022,CONFIRMED,
43,0x15d34AAf54267DB7D7c367839AAf71A00a2C6A65,2,0xdd2401b2d74bc2a4f07cb9e5e73028b05a50fa2776479faeffb2dd8be9a4e04b,1789648616999,1789648617014,1789648642717,25718,989,185022,CONFIRMED,
44,0x9965507D1a55bcC2695C58ba16FB37d819B0A4dc,2,0x8867b243a1d54782eb5d843f524cc56362d8c50f5d8e64d2098b255c532a4afe,1789648617109,1789648617124,1789648642719,25610,989,185022,CONFIRMED,
45,0x976EA74026E726554dB657fA54763abd0C3a0aa9,2,0x3598e00545397ca4d3861f71dc0d5573e9d7cdf084a02a74e64fdd8eee05d24b,1789648617204,1789648617219,1789648642721,25517,989,185022,CONFIRMED,
46,0x14dC79964da2C08b23698B3D3cc7Ca32193d9955,2,0xc9986510de3131d8fa595d301fe51ddaf0dfa75df5cced21851ac429452761fc,1789648617298,1789648617314,1789648642722,25424,989,185010,CONFIRMED,
47,0x23618e81E3f5cdF7f54C3d65f7FBc0aBf5B21E8f,2,0xc077376a32a7333732e8766d48f0f2d58a1e7e7be657d2b1627ada80ed8652d5,1789648617394,1789648617410,1789648642724,25330,989,185022,CONFIRMED,
48,0xa0Ee7A142d267C1f36714E4a8F75612F20a79720,2,0xf675e3ffe2bfab0747b5b903ae294316240a9545628c4c21d6b7c93029531a97,1789648617506,1789648617525,1789648642726,25220,989,185010,CONFIRMED,
49,0xBcd4042DE499D14e55001CcbB24a551F3b954096,2,0xb91ab4462f7039f507e5353946a50a310d058c5fd8305d5e99b934062bb32c72,1789648617599,1789648617607,1789648642727,25128,989,185010,CONFIRMED,
50,0x71bE63f3384f5fb98995898A86B02Fb2426c5788,2,0x4fa1c5d71ce3c07ea465044c9b11d870b94f0531a08ecc208e029bdb9282d3ac,1789648617695,1789648617706,1789648642729,25034,989,185022,CONFIRMED,
51,0xFABB0ac9d68B0B445fB7357272Ff202C5651694a,2,0x623ad7e04e4bf058f27cb69cf01247eda5f80a85fb765a4a70add7eedeb32161,1789648617807,1789648617818,1789648642730,24923,989,185022,CONFIRMED,
52,0x1CBd3b2770909D4e10f157cABC84C7264073C9Ec,2,0xdcef39f87073f73243617ec910303a520c56c2de7cb6e2a7323aa8b8b4353ca0,1789648617902,1789648617917,1789648642754,24852,989,185022,CONFIRMED,
53,0xdF3e18d64BC6A983f673Ab319CCaE4f1a57C7097,2,0x29594384415753a6296834d408c754c401947e6605efc4165ca4116d02b2c765,1789648617998,1789648618015,1789648642755,24757,989,185022,CONFIRMED,
54,0xcd3B766CCDd6AE721141F452C550Ca635964ce71,2,0x588f432b951dcac1e7a2ce72a441b29350872d4936e1e9e6755aa4898a4df4f4,1789648618093,1789648618108,1789648642757,24664,989,185022,CONFIRMED,
55,0x2546BcD3c84621e976D8185a91A922aE77ECEc30,2,0xd3f32c6665f4eed33e8d440398d5656790f974f20ff55c7a970fa552e8041c38,1789648618204,1789648618222,1789648642758,24554,989,185022,CONFIRMED,
56,0xbDA5747bFD65F08deb54cb465eB87D40e51B197E,2,0x30d2ca9e143be4feb9b7059a393f54509d216f73aece943214679255b2ec7ac1,1789648618299,1789648618317,1789648642760,24461,989,185022,CONFIRMED,
57,0xdD2FD4581271e230360230F9337D5c0430Bf44C0,2,0xab20cf28eec096ad1c95717a0f9451fd22813c2779a92c791bf5e4dd49897b1b,1789648618394,1789648618412,1789648642762,24368,989,185022,CONFIRMED,
58,0x8626f6940E2eb28930eFb4CeF49B2d1F2C9C1199,2,0x991277f77f48b182dafef10501ec4cf5198f603180a9a8484157c4fafe36a8dd,1789648618506,1789648618523,1789648642763,24257,989,185022,CONFIRMED,
59,0x09DB0a93B389bEF724429898f539AEB7ac2Dd55f,2,0xf3eb2629efe950aa04d50462f82b38633f8f0c0551f76cb75c0584123736f6fd,1789648618600,1789648618608,1789648642764,24164,989,185022,CONFIRMED,
60,0x70997970C51812dc3A010C7d01b50e0d17dc79C8,3,0x78b4b6024768937caa5fc221011ba544b5273aab3c7ea6426814670a48ecf7e7,1789648618695,1789648618702,1789648642767,24072,990,184998,CONFIRMED,
61,0x3C44CdDdB6a900fa2b585dd299e03d12FA4293BC,3,0x1c8564223ac9d5b4cee87e46dd00de14519f297b6ca4106424c81641c3a61a33,1789648618807,1789648618812,1789648642768,23961,990,185010,CONFIRMED,
62,0x90F79bf6EB2c4f870365E785982E1f101E93b906,3,0x7bfea32d5355f78ba3aa9d47d141ae30b39932589a7affbd764a13c83a1d98f1,1789648618902,1789648618907,1789648642770,23868,990,185022,CONFIRMED,
63,0x15d34AAf54267DB7D7c367839AAf71A00a2C6A65,3,0x1bafa4bd28672d944120463f27d8101aa1ecdd23eedd4f7c325ec7061a4ba7fe,1789648618998,1789648619003,1789648642771,23773,990,185022,CONFIRMED,
64,0x9965507D1a55bcC2695C58ba16FB37d819B0A4dc,3,0xb821041b13c16c4dc14152c4f2366e0d4f14b1c66922b4c2246079513fad7342,1789648619093,1789648619099,1789648642772,23679,990,185010,CONFIRMED,
65,0x976EA74026E726554dB657fA54763abd0C3a0aa9,3,0xcfed973a0c026e9b014aa7a879a77d7343d3839150e6c271a13a6cc1b01653d5,1789648619204,1789648619209,1789648642774,23570,990,185010,CONFIRMED,
66,0x14dC79964da2C08b23698B3D3cc7Ca32193d9955,3,0x78f99e49b9d8b319ffc4000ad3b1f84f04f0fc2ea4eb10fbe3e905506cc3fb83,1789648619299,1789648619313,1789648642775,23476,990,185022,CONFIRMED,
67,0x23618e81E3f5cdF7f54C3d65f7FBc0aBf5B21E8f,3,0xfaae1af9655e96360eccaf0a47f9077980677d126f3c08dd1328c97e0ddc70b8,1789648619395,1789648619411,1789648642777,23382,990,184998,CONFIRMED,
68,0xa0Ee7A142d267C1f36714E4a8F75612F20a79720,3,0xdd135982f4d5af5b098d7e2dac01620d5e6d5bb107c280cde6b79080b51274d3,1789648619506,1789648619525,1789648642778,23272,990,185010,CONFIRMED,
69,0xBcd4042DE499D14e55001CcbB24a551F3b954096,3,0x3def30cec9677b16d17b989a3dcf4e20c92bb72361d49e545a741862a7bf7054,1789648619600,1789648619608,1789648642779,23179,990,185010,CONFIRMED,
70,0x71bE63f3384f5fb98995898A86B02Fb2426c5788,3,0xf499411496429904899568c278e0480882facc3306e756271dbe254229c34b25,1789648619695,1789648619707,1789648642781,23086,990,185022,CONFIRMED,
71,0xFABB0ac9d68B0B445fB7357272Ff202C5651694a,3,0x7ad1a5359aa22c00de252e352e0a34b42190b5d84eabbc63dbf03fb3e7d9b000,1789648619808,1789648619825,1789648642784,22976,990,184986,CONFIRMED,
72,0x1CBd3b2770909D4e10f157cABC84C7264073C9Ec,3,0x870245c1e0dad5f879859e78c05b2b65fb66a1679ae38060479e5d074eec82e3,1789648619903,1789648619920,1789648642786,22883,990,185022,CONFIRMED,
73,0xdF3e18d64BC6A983f673Ab319CCaE4f1a57C7097,3,0x7477cb04b3104259d5540694c49f01514d6fc78295b39d0c21dbeaf5e6eb7302,1789648620000,1789648620023,1789648642788,22788,990,185022,CONFIRMED,
74,0xcd3B766CCDd6AE721141F452C550Ca635964ce71,3,0x0830647032dfa5ca4734f9f6be8a3eec78e611d1c9630015e4e65ee8c5d79097,1789648620094,1789648620099,1789648642789,22695,990,185010,CONFIRMED,
75,0x2546BcD3c84621e976D8185a91A922aE77ECEc30,3,0xf3030d3d5ba80fe1a83e1abc3868d1ea42649d5907aacefe3389a6429c542de1,1789648620205,1789648620224,1789648642791,22586,990,185022,CONFIRMED,
76,0xbDA5747bFD65F08deb54cb465eB87D40e51B197E,3,0xe2482517457e9a1f5c39b341f62e14d8d95c10bf3b287386c09a99c8bb16a243,1789648620299,1789648620307,1789648642792,22493,990,185022,CONFIRMED,
77,0xdD2FD4581271e230360230F9337D5c0430Bf44C0,3,0x7dff5055a2c35092b36c492c7bc7f4c17768b4eb51d2fd30834f3211e48747e3,1789648620395,1789648620410,1789648642793,22398,990,185022,CONFIRMED,
78,0x8626f6940E2eb28930eFb4CeF49B2d1F2C9C1199,3,0x4bcd85bf2ce287d5006902678279ffedb4281bf5837d1c73636a14a55524b431,1789648620506,1789648620520,1789648642795,22289,990,185022,CONFIRMED,
79,0x09DB0a93B389bEF724429898f539AEB7ac2Dd55f,3,0xf313ac610f92fde205d365d753962ba043de62f178b3504db586ee369345f04f,1789648620600,1789648620606,1789648642797,22197,990,185022,CONFIRMED,
80,0x70997970C51812dc3A010C7d01b50e0d17dc79C8,4,0xc9f946df77deb4ea1f002206aaafd64bddf07b20bc9ed7a5fa4b6d35032079b0,1789648620695,1789648620701,1789648642800,22105,991,185010,CONFIRMED,
81,0x3C44CdDdB6a900fa2b585dd299e03d12FA4293BC,4,0xf4f4552f95ee4c0d3ea3a66326c622ed07a3de6684df1611be2abb88fa720d82,1789648620806,1789648620813,1789648642802,21996,991,185010,CONFIRMED,
82,0x90F79bf6EB2c4f870365E785982E1f101E93b906,4,0x1efbea7ae968e08ed51a5f56ecfbc424db03e4a5dac535be0c501864401f79cf,1789648620901,1789648620916,1789648642803,21902,991,185022,CONFIRMED,
83,0x15d34AAf54267DB7D7c367839AAf71A00a2C6A65,4,0x3f914d0c3ce9c3e96567848c942e3a89a77c8769b9fbf986f9e0fb47a6fb49bf,1789648620997,1789648621013,1789648642805,21808,991,185022,CONFIRMED,
84,0x9965507D1a55bcC2695C58ba16FB37d819B0A4dc,4,0x45e0fb6e824eb76f093dc3c497c7bf059937c072011500aaa640da5f58ad532c,1789648621109,1789648621125,1789648642806,21697,991,185022,CONFIRMED,
85,0x976EA74026E726554dB657fA54763abd0C3a0aa9,4,0x6310945d4e05615495afba5dc61b1f626347844e7bc5fcdafab818a40339b435,1789648621203,1789648621222,1789648642807,21604,991,185022,CONFIRMED,
86,0x14dC79964da2C08b23698B3D3cc7Ca32193d9955,4,0x1fa73df61e3ecf10720ba6794abf246509fe25d1c8052d05043353d9144b276c,1789648621300,1789648621318,1789648642809,21509,991,185022,CONFIRMED,
87,0x23618e81E3f5cdF7f54C3d65f7FBc0aBf5B21E8f,4,0x2c1832c767707fb001161079f5e3f53040b5dd60d8e6747e24e4ceb731e07c23,1789648621396,1789648621415,1789648642810,21414,991,185022,CONFIRMED,
88,0xa0Ee7A142d267C1f36714E4a8F75612F20a79720,4,0xc449e33d0df9f3d4b3f816fb08a790dd3ab1a8a2a8921300fbc6c226b5065376,1789648621508,1789648621525,1789648642811,21303,991,185010,CONFIRMED,
89,0xBcd4042DE499D14e55001CcbB24a551F3b954096,4,0x4cfb9fcdfbf9d413649fef68c03273574a2a6f4fc6811d2ba8fe3d6fc351fadb,1789648621602,1789648621607,1789648642812,21210,991,184998,CONFIRMED,
90,0x71bE63f3384f5fb98995898A86B02Fb2426c5788,4,0xbda7c2ba575c05d004389c4ec2e619946f1ccc9fca80c7362831dac047219d62,1789648621697,1789648621707,1789648642814,21117,991,185022,CONFIRMED,
91,0xFABB0ac9d68B0B445fB7357272Ff202C5651694a,4,0x3c72408d3ae8955b139d7f6a0577e8e04f71a65f4615236fa18c0dfaf7f42894,1789648621808,1789648621826,1789648642816,21008,991,185022,CONFIRMED,
92,0x1CBd3b2770909D4e10f157cABC84C7264073C9Ec,4,0xcc87ec718b3a3720bf511787890add5b4efa9c67dd6af88d9335c8a59ea9e68f,1789648621903,1789648621918,1789648642820,20917,991,185022,CONFIRMED,
93,0xdF3e18d64BC6A983f673Ab319CCaE4f1a57C7097,4,0x86a4f108d0d057935b826e7fd5b8b16c9b1cf5fa0ca9b7066e7b3ea3bb5339b4,1789648621999,1789648622017,1789648642821,20822,991,185010,CONFIRMED,
94,0xcd3B766CCDd6AE721141F452C550Ca635964ce71,4,0x652f8eaaa8ddb1988cc50ce2bae31935b4d88d2df717e081a832cab098b4ce0a,1789648622096,1789648622113,1789648642823,20727,991,185022,CONFIRMED,
95,0x2546BcD3c84621e976D8185a91A922aE77ECEc30,4,0xf58cbd1b9165872862a723e19ad1b29fd96b09463def78ceb09fe7f661036142,1789648622206,1789648622225,1789648642825,20619,991,185022,CONFIRMED,
96,0xbDA5747bFD65F08deb54cb465eB87D40e51B197E,4,0x82f55dfd17edc98498d7625fefb785afa8f92407f4be5858daed1d342d90bf2e,1789648622301,1789648622312,1789648642828,20527,991,185010,CONFIRMED,
97,0xdD2FD4581271e230360230F9337D5c0430Bf44C0,4,0x81882398350dae3cc939bddd58bc0b0d2a9226947b15e590311909b436e74cc2,1789648622396,1789648622407,1789648642831,20435,991,185022,CONFIRMED,
98,0x8626f6940E2eb28930eFb4CeF49B2d1F2C9C1199,4,0xb8a5b50f1002a1571e804879bf2f1a1ef93cb67290f45c096f53902f040a9b50,1789648622507,1789648622518,1789648642835,20328,991,184998,CONFIRMED,
99,0x09DB0a93B389bEF724429898f539AEB7ac2Dd55f,4,0x5d1f335c8d41700241b9b98fbb97563d73c7e17f5875c1653a82f807783a62a1,1789648622602,1789648622609,1789648642838,20236,991,185022,CONFIRMED,
100,0x70997970C51812dc3A010C7d01b50e0d17dc79C8,5,0x5893e71c08a8d48e0040a608e4ff1ae10e5d92485d4aa6f1d22965820e13cf51,1789648622697,1789648622704,1789648642840,20143,992,185010,CONFIRMED,
101,0x3C44CdDdB6a900fa2b585dd299e03d12FA4293BC,5,0xbd06f541444177fc85acde47389aad000836e5f1a8882aa589ff6f4ff015c9c9,1789648622808,1789648622816,1789648642841,20033,992,185010,CONFIRMED,
102,0x90F79bf6EB2c4f870365E785982E1f101E93b906,5,0x8f4aa685475b2d5a4fa8639011e615c81554eaaa9e64a7f0a6ed10afa1956169,1789648622903,1789648622908,1789648642843,19940,992,185022,CONFIRMED,
103,0x15d34AAf54267DB7D7c367839AAf71A00a2C6A65,5,0x379a6c4c0d6d44e7ec21aeed7b478e9c741852c53fa7099300d2680365b454b2,1789648622998,1789648623005,1789648642844,19846,992,185022,CONFIRMED,
104,0x9965507D1a55bcC2695C58ba16FB37d819B0A4dc,5,0xab20d90b6bd9af012697b9aa58b408eb20ca8a9d76e57702c661855ea2a110e0,1789648623093,1789648623100,1789648642845,19752,992,185022,CONFIRMED,
105,0x976EA74026E726554dB657fA54763abd0C3a0aa9,5,0x6d94b83dd768d4ecf6f7d10ab014e1b5bfd77bf0455e40c0ea935c4676e041b1,1789648623204,1789648623212,1789648642846,19642,992,185022,CONFIRMED,
106,0x14dC79964da2C08b23698B3D3cc7Ca32193d9955,5,0xfc551f022e87070f6b7a16c96b6bee46312967b1397aeeb6335d291fbfa7a81f,1789648623299,1789648623307,1789648642847,19548,992,185010,CONFIRMED,
107,0x23618e81E3f5cdF7f54C3d65f7FBc0aBf5B21E8f,5,0xee19c8c9beea21d5b930aad35a7afded027697462de7038d0115f93e5e6b4e71,1789648623394,1789648623401,1789648642848,19454,992,185022,CONFIRMED,
108,0xa0Ee7A142d267C1f36714E4a8F75612F20a79720,5,0x089c9ccf0587d89e902158970668d664d82a152b0fcdf28bdfe95459e9c304bf,1789648623506,1789648623513,1789648642850,19344,992,185010,CONFIRMED,
109,0xBcd4042DE499D14e55001CcbB24a551F3b954096,5,0xfde312980bfe0099a9ee4e557d12b7ec32c2b6f07c6a409937a2d07d963a1c40,1789648623600,1789648623607,1789648642851,19251,992,185010,CONFIRMED,
110,0x71bE63f3384f5fb98995898A86B02Fb2426c5788,5,0xc7ae1b3e9dfba25d522fc9c57ebfaafcfa22d860e919d2f409c33bd1bbcd9d48,1789648623695,1789648623703,1789648642852,19157,992,185022,CONFIRMED,
111,0xFABB0ac9d68B0B445fB7357272Ff202C5651694a,5,0xad0bb23c06b64fb739b5fce5a9896acdaa37241484808d37a5b3a2af941337e8,1789648623805,1789648623816,1789648642853,19048,992,185022,CONFIRMED,
112,0x1CBd3b2770909D4e10f157cABC84C7264073C9Ec,5,0xc52aa237e20846d039a71c03c627dbe02b67f16a06568265af54aef00b7bf496,1789648623899,1789648623906,1789648642854,18955,992,184998,CONFIRMED,
113,0xdF3e18d64BC6A983f673Ab319CCaE4f1a57C7097,5,0xc3ba49cc7eb6ad7f73584ec495d6e1dbdd8cd25eb909075ba9bd2080a1557c5c,1789648623995,1789648624003,1789648642855,18860,992,185022,CONFIRMED,
114,0xcd3B766CCDd6AE721141F452C550Ca635964ce71,5,0x4f2042a5dd90120837249e1e91f1676e69a24210366264d2f463eafddf965fce,1789648624107,1789648624112,1789648642856,18749,992,185022,CONFIRMED,
115,0x2546BcD3c84621e976D8185a91A922aE77ECEc30,5,0xe8a1bfde64f3aff4ebe5d45b0d4572b65b939401dbcd2444b2759c54bdd43719,1789648624194,1789648624210,1789648642857,18663,992,185022,CONFIRMED,
116,0xbDA5747bFD65F08deb54cb465eB87D40e51B197E,5,0xeb848fa9ac339f45f7362f34a2d93083fc6618ee634eeca9728c4ca1957a1643,1789648624300,1789648624311,1789648642858,18558,992,185022,CONFIRMED,
117,0xdD2FD4581271e230360230F9337D5c0430Bf44C0,5,0xc9c0cb738bd9185f09a9caafdb3e94b366394fc9201de4170832cd9c4eb1f89d,1789648624402,1789648624409,1789648642859,18457,992,185022,CONFIRMED,
118,0x8626f6940E2eb28930eFb4CeF49B2d1F2C9C1199,5,0x5dcc3998bf4f894aa504438b1a7710e4761aaa0910deaa0a9779a88ececc3ab7,1789648624494,1789648624512,1789648642861,18367,992,185010,CONFIRMED,
119,0x09DB0a93B389bEF724429898f539AEB7ac2Dd55f,5,0xd4cfa47af3bd5db67131d019f3650e73dad1ed568a78364da50f8ce8785d909a,1789648624606,1789648624618,1789648642862,18256,992,185022,CONFIRMED,
120,0x70997970C51812dc3A010C7d01b50e0d17dc79C8,6,0xb6658ffa290c158866848c8130f0168da62a296060b0e7be7d5f0e8bfea33ab6,1789648624700,1789648624710,1789648642863,18163,993,185010,CONFIRMED,
121,0x3C44CdDdB6a900fa2b585dd299e03d12FA4293BC,6,0x9dd6ff84a80530005d2a80d5dd6c065c337b7b0d6c3227b83cad5dde01755502,1789648624794,1789648624806,1789648642864,18070,993,185010,CONFIRMED,
122,0x90F79bf6EB2c4f870365E785982E1f101E93b906,6,0x7a2507b14e64c3d304171bd628c39540806ba6a715334c60582e43aae43a953f,1789648624905,1789648624913,1789648642866,17961,993,185022,CONFIRMED,
123,0x15d34AAf54267DB7D7c367839AAf71A00a2C6A65,6,0x0b00b04b57ad8f848af50660598aa261f11923ca7f771c71882be5348256008c,1789648625000,1789648625013,1789648642868,17868,993,185022,CONFIRMED,
124,0x9965507D1a55bcC2695C58ba16FB37d819B0A4dc,6,0x7585dd7f8e6d5f2c1bf0448938696b74de81a9f5d8ae3a67609d48a610692626,1789648625096,1789648625107,1789648642869,17773,993,185022,CONFIRMED,
125,0x976EA74026E726554dB657fA54763abd0C3a0aa9,6,0x1990a5d2a7c57d36b583a78b031ae85ff1880883db70375d6efc8d979e6af215,1789648625207,1789648625222,1789648642870,17663,993,185022,CONFIRMED,
126,0x14dC79964da2C08b23698B3D3cc7Ca32193d9955,6,0x287f9aa5822b5b08a9c23de8d02f9eca2049ef29b764dedfb28eb393d8f3d644,1789648625302,1789648625310,1789648642871,17569,993,185010,CONFIRMED,
127,0x23618e81E3f5cdF7f54C3d65f7FBc0aBf5B21E8f,6,0x463c7bbb775539d84e1e4fa24e75725cb9b283e3b6b0c4c6552c167e20c17354,1789648625398,1789648625409,1789648642871,17473,993,185010,CONFIRMED,
128,0xa0Ee7A142d267C1f36714E4a8F75612F20a79720,6,0x97712bc94c615c347b0fdc1f1846467656d0e152a71db2173196c03dd3a5c76b,1789648625506,1789648625513,1789648642872,17366,993,185010,CONFIRMED,
129,0xBcd4042DE499D14e55001CcbB24a551F3b954096,6,0x1dbd23988cf5fec30e964015060e7cf2eb4b7ac995f2dbed5476ef958ea96ee6,1789648625601,1789648625609,1789648642873,17272,993,185010,CONFIRMED,
130,0x71bE63f3384f5fb98995898A86B02Fb2426c5788,6,0xc05ab5c9d2f0b542b0bbeba30a5a8db7e1f024fad3d336f560ff3a4f68e9df7b,1789648625695,1789648625705,1789648642874,17179,993,185022,CONFIRMED,
131,0xFABB0ac9d68B0B445fB7357272Ff202C5651694a,6,0x580a44aa6b4f19ff2cfacd37a8258588e00fc61f536d4d1173d8c6eab2c7f0c7,1789648625806,1789648625817,1789648642875,17069,993,185022,CONFIRMED,
132,0x1CBd3b2770909D4e10f157cABC84C7264073C9Ec,6,0x2f7ee256c2a80039fc773a53c77a97aa27de33d15b9691f13f6488c2318306c4,1789648625900,1789648625910,1789648642876,16976,993,185022,CONFIRMED,
133,0xdF3e18d64BC6A983f673Ab319CCaE4f1a57C7097,6,0xa659f07d2d5a46d61f495896521ad48d575efc3ba287745a8622d9504a28b928,1789648625995,1789648626003,1789648642877,16882,993,185022,CONFIRMED,
134,0xcd3B766CCDd6AE721141F452C550Ca635964ce71,6,0x88202367c548651a6353652bb7ad49c1fa202f99ed093c5455b5e483a99412a1,1789648626105,1789648626111,1789648642878,16773,993,185022,CONFIRMED,
135,0x2546BcD3c84621e976D8185a91A922aE77ECEc30,6,0x3b4512dd7d07cb8a9263448e3107583a0b2599f3f9b003c92f9cad71944a75b6,1789648626200,1789648626210,1789648642879,16679,993,185010,CONFIRMED,
136,0xbDA5747bFD65F08deb54cb465eB87D40e51B197E,6,0x804ca5eb64b14949220fccc3661d7d8ce58bdc01311e53c9ab76c1c72ca5e85e,1789648626295,1789648626300,1789648642880,16585,993,185022,CONFIRMED,
137,0xdD2FD4581271e230360230F9337D5c0430Bf44C0,6,0xd3f2c522ca69ef14a6a25d3bbeaddefb492d81875e33b699807ee6829662c4c0,1789648626406,1789648626413,1789648642880,16474,993,185022,CONFIRMED,
138,0x8626f6940E2eb28930eFb4CeF49B2d1F2C9C1199,6,0x3d20a3e25017d49846d5fc2afebb0677aaa9fffc87a1490f388f5c233d3a01fd,1789648626500,1789648626510,1789648642882,16382,993,185022,CONFIRMED,
139,0x09DB0a93B389bEF724429898f539AEB7ac2Dd55f,6,0x3e7c8973437912db8af242357a42a52ffb2f6be2fc0b6dfa58d78499b46e5e22,1789648626595,1789648626601,1789648642883,16288,993,185022,CONFIRMED,
140,0x70997970C51812dc3A010C7d01b50e0d17dc79C8,7,0x1509aa7d625915fcc31298f0ba7a5fef03e01329f426e873b6c9ad3b95ad9f38,1789648626705,1789648626709,1789648642885,16180,994,185010,CONFIRMED,
141,0x3C44CdDdB6a900fa2b585dd299e03d12FA4293BC,7,0xe5311f874b54f5bbbf7de5c02d0e5ba2ea37c4a7d331cceed96afc1860cdd6d1,1789648626800,1789648626806,1789648642885,16085,994,185010,CONFIRMED,
142,0x90F79bf6EB2c4f870365E785982E1f101E93b906,7,0x1eef031120c163d35ac2f10fdd37a0315f8938601c9528a37acd74cd3276b558,1789648626895,1789648626911,1789648642886,15991,994,185022,CONFIRMED,
143,0x15d34AAf54267DB7D7c367839AAf71A00a2C6A65,7,0x0ff249807dfae545f36be1af6d3cfe91891f56693e3bdbe4e913945599597611,1789648627006,1789648627021,1789648642887,15881,994,185022,CONFIRMED,
144,0x9965507D1a55bcC2695C58ba16FB37d819B0A4dc,7,0x46882f05272574f7fdd38c8486ab56a51a8cba95fc4a258ce22b4b52b8d18f4c,1789648627102,1789648627118,1789648642888,15786,994,184998,CONFIRMED,
145,0x976EA74026E726554dB657fA54763abd0C3a0aa9,7,0xc856a19d537294e8c7b4aa9bffed02ce0c8061497bb5e13091621c6428523b5d,1789648627197,1789648627204,1789648642889,15692,994,185022,CONFIRMED,
146,0x14dC79964da2C08b23698B3D3cc7Ca32193d9955,7,0x1f6103e8a7c7ceaf8304459422b1f8d4b6844fbbb733164be7101b182ca3ff0f,1789648627305,1789648627318,1789648642890,15585,994,185022,CONFIRMED,
147,0x23618e81E3f5cdF7f54C3d65f7FBc0aBf5B21E8f,7,0xa95abcd556fcc844359ae25626b24e90b0afd520b1a2786c2546b673dd98b1b1,1789648627401,1789648627414,1789648642892,15491,994,185010,CONFIRMED,
148,0xa0Ee7A142d267C1f36714E4a8F75612F20a79720,7,0x9c95751cc7d4216404fd01a775bae9c09bdfd1b64259eeeab00c5108b58c69e3,1789648627495,1789648627503,1789648642895,15400,994,185010,CONFIRMED,
149,0xBcd4042DE499D14e55001CcbB24a551F3b954096,7,0xbc186724fe962551e13a412854f976e05bb5c486fb92d9aa09467f4e3f1934b8,1789648627606,1789648627612,1789648642897,15291,994,185010,CONFIRMED,
150,0x71bE63f3384f5fb98995898A86B02Fb2426c5788,7,0xa0aba68545960bea22d14031a5a92193f45f5578301cb1a6d2b7c2200c9bf15a,1789648627700,1789648627713,1789648642900,15200,994,185022,CONFIRMED,
151,0xFABB0ac9d68B0B445fB7357272Ff202C5651694a,7,0xa2fca85b16adcaf37755103707b3aa76e34ab1f3c51237642150430d7385e10b,1789648627795,1789648627807,1789648642901,15106,994,185010,CONFIRMED,
152,0x1CBd3b2770909D4e10f157cABC84C7264073C9Ec,7,0x49c07252e259a1c896d14632fe4f705b898ca4a7db0e0846f402883b346260d5,1789648627906,1789648627917,1789648642903,14997,994,185022,CONFIRMED,
153,0xdF3e18d64BC6A983f673Ab319CCaE4f1a57C7097,7,0xda0e94e0af2d6387cf90ec43718e406faeda0573e84613a71a6d476cb3e8f67c,1789648628002,1789648628013,1789648642904,14902,994,185022,CONFIRMED,
154,0xcd3B766CCDd6AE721141F452C550Ca635964ce71,7,0x4e6620e7f4ff18ccd0ea6b07ff2fd7ed5664d8dee60b781f4b7dae11dfe7d6c9,1789648628097,1789648628113,1789648642905,14808,994,185022,CONFIRMED,
155,0x2546BcD3c84621e976D8185a91A922aE77ECEc30,7,0xa8fc8729c0c2e340bc5d36f1a514820088adc7dba234184172f8b66548c7fc69,1789648628193,1789648628208,1789648642907,14714,994,185022,CONFIRMED,
156,0xbDA5747bFD65F08deb54cb465eB87D40e51B197E,7,0xaaa2aff328b1a749614aeb96d5a0b9a32e18ffb9cc2c81eacb7f020b8382be2e,1789648628306,1789648628322,1789648642908,14602,994,185022,CONFIRMED,
157,0xdD2FD4581271e230360230F9337D5c0430Bf44C0,7,0x3d4b07f8052be6dc34a6e92c708d336ad31d90bd88b19035dcf123ca0c884ad4,1789648628401,1789648628407,1789648642910,14509,994,185022,CONFIRMED,
158,0x8626f6940E2eb28930eFb4CeF49B2d1F2C9C1199,7,0xee4df2fa4799c98aaeb85d34069a324ed66ed252c6e788b3e39ca4f3f99a9e2c,1789648628497,1789648628513,1789648642912,14415,994,185022,CONFIRMED,
159,0x09DB0a93B389bEF724429898f539AEB7ac2Dd55f,7,0xd379404c2a6865c4dc85ac6efa7fba9dc33badadc702d927cfd2a1410a98434c,1789648628608,1789648628613,1789648642913,14305,994,185022,CONFIRMED,
160,0x70997970C51812dc3A010C7d01b50e0d17dc79C8,8,0x4bbb53dc632edae53267858bf09ae9ced887075c5caf23390bd51641d0da5e7a,1789648628704,1789648628710,1789648642916,14212,995,184998,CONFIRMED,
161,0x3C44CdDdB6a900fa2b585dd299e03d12FA4293BC,8,0xa10947b4cdea3682e0a39ab86d14436f51a388412a32ddbf26e4e564a8eb96d5,1789648628810,1789648628820,1789648642918,14108,995,185010,CONFIRMED,
162,0x90F79bf6EB2c4f870365E785982E1f101E93b906,8,0xe108e64b04e455e6aafb2d6bfb21e6365dd394cbdaa2e33662ff6cb3c2dd7b5e,1789648628905,1789648628910,1789648642919,14014,995,185010,CONFIRMED,
163,0x15d34AAf54267DB7D7c367839AAf71A00a2C6A65,8,0xbf6dd000b4f5ef4aad1aab8c8845e520d21762178fc81a16df194cba37913793,1789648629000,1789648629004,1789648642921,13921,995,185022,CONFIRMED,
164,0x9965507D1a55bcC2695C58ba16FB37d819B0A4dc,8,0x2779a44af0f87ed89a989f37987fa2fe8feb9e65b4c2c316ecd4eb41ce5b5dfe,1789648629094,1789648629104,1789648642923,13829,995,185022,CONFIRMED,
165,0x976EA74026E726554dB657fA54763abd0C3a0aa9,8,0xc6081172bc9bef4b0b9feedb78f48cc3e0f66355d56cb69f3a64d9a7848f506d,1789648629206,1789648629212,1789648642925,13719,995,185010,CONFIRMED,
166,0x14dC79964da2C08b23698B3D3cc7Ca32193d9955,8,0x72330f5a68775c66cf2e8d9148b3c30da511678e3088a2d988297e5b3cbf3f3c,1789648629301,1789648629310,1789648642926,13625,995,185010,CONFIRMED,
167,0x23618e81E3f5cdF7f54C3d65f7FBc0aBf5B21E8f,8,0xc5c21a3bdc094aa763abfa791f1840eee2d1e8e1cfd842008e95f935ed495420,1789648629397,1789648629403,1789648642928,13531,995,185022,CONFIRMED,
168,0xa0Ee7A142d267C1f36714E4a8F75612F20a79720,8,0x1d2d0cafe3b8dc7d53ed61f57f2e1106c076b4fb043c52e5a1ef2f62c888ff2c,1789648629508,1789648629513,1789648642934,13426,995,185010,CONFIRMED,
169,0xBcd4042DE499D14e55001CcbB24a551F3b954096,8,0xf459deaa0b44a9f1e5f4285b44d1d68dea91abeb2c112b7ef1bc7837b69df942,1789648629603,1789648629607,1789648642936,13333,995,184998,CONFIRMED,
170,0x71bE63f3384f5fb98995898A86B02Fb2426c5788,8,0xf4ca65f63e8448188f9f5c128db4eff1f1537f583f421f1e5721362ad334f62f,1789648629697,1789648629707,1789648642937,13240,995,185022,CONFIRMED,
171,0xFABB0ac9d68B0B445fB7357272Ff202C5651694a,8,0x1c04fa140c7d32bbd7d934a21ba8ca1ba19045ec48932a1dcedcbe443a559a8d,1789648629808,1789648629821,1789648642939,13131,995,185022,CONFIRMED,
172,0x1CBd3b2770909D4e10f157cABC84C7264073C9Ec,8,0xf90bb1743fd18052dba4963fbaabdd3251b06e857725fea12d73d538257d3aae,1789648629903,1789648629908,1789648642941,13038,995,185022,CONFIRMED,
173,0xdF3e18d64BC6A983f673Ab319CCaE4f1a57C7097,8,0x5f01fe27c2061fb6550e05a0094d7700943b653ee779a42892974b00fe7fe2f5,1789648629998,1789648630005,1789648642943,12945,995,185010,CONFIRMED,
174,0xcd3B766CCDd6AE721141F452C550Ca635964ce71,8,0xf6d89b4015d34efbab11659b69cf12f47546125c54af06cd6fce9c743cf88092,1789648630093,1789648630099,1789648642944,12851,995,185022,CONFIRMED,
175,0x2546BcD3c84621e976D8185a91A922aE77ECEc30,8,0x57b5cb8d7676f588c4d8d59762a039f6f84f8dcb8007792653db5f8bdb154c46,1789648630205,1789648630213,1789648642946,12741,995,185022,CONFIRMED,
176,0xbDA5747bFD65F08deb54cb465eB87D40e51B197E,8,0xcc03f6be4c767cb4484d3249648308f6570f760796aa6e4c5d44cafc7c2d8eb3,1789648630301,1789648630317,1789648642947,12646,995,185022,CONFIRMED,
177,0xdD2FD4581271e230360230F9337D5c0430Bf44C0,8,0x88ba555782eb9e5c6ed063130b7d433effe91ea8794a0bab64aface52815de9b,1789648630397,1789648630414,1789648642951,12554,995,185022,CONFIRMED,
178,0x8626f6940E2eb28930eFb4CeF49B2d1F2C9C1199,8,0xdf2c10d21746050d2b8aa87389cf2132ef59d7adc686e86a41bb82faab3f590c,1789648630508,1789648630526,1789648642953,12445,995,185022,CONFIRMED,
179,0x09DB0a93B389bEF724429898f539AEB7ac2Dd55f,8,0x3e3e00477991055a58bda0e14816547ffe4cd343f51241d18ca7aedab0ce9ce9,1789648630603,1789648630609,1789648642954,12351,995,185022,CONFIRMED,
180,0x70997970C51812dc3A010C7d01b50e0d17dc79C8,9,0x149e4475dcd187a52cbafe5fdca17777f4aec006125da4ba50575e81088fbc97,1789648630698,1789648630756,1789648642955,12257,996,185010,CONFIRMED,
181,0x3C44CdDdB6a900fa2b585dd299e03d12FA4293BC,9,0x94c12d4ef7e4989f9b5d5e7fc146c3998205a3fc8e5f01efe64ddba6ffd95a18,1789648630793,1789648630806,1789648642957,12164,996,185010,CONFIRMED,
182,0x90F79bf6EB2c4f870365E785982E1f101E93b906,9,0x153eede1ce2716dd54dd8900abebac4b151d6201898e39ef3e68d15102c76ed9,1789648630903,1789648630919,1789648642958,12055,996,185010,CONFIRMED,
183,0x15d34AAf54267DB7D7c367839AAf71A00a2C6A65,9,0x9c900ac4c159f35f8ece57a5b31199d6269da18489bba8ef0c87c7545b72f796,1789648630998,1789648631003,1789648642960,11962,996,185010,CONFIRMED,
184,0x9965507D1a55bcC2695C58ba16FB37d819B0A4dc,9,0xb1a3270584f46cb489535fa40aa4daa9289d409316a47925334ed011c8170f8e,1789648631093,1789648631103,1789648642961,11868,996,185022,CONFIRMED,
185,0x976EA74026E726554dB657fA54763abd0C3a0aa9,9,0xe2e43273af1f270d86c9da2723d8eb5bb92aaac4b3daea1cbbffef5336d88b52,1789648631201,1789648631206,1789648642962,11761,996,184986,CONFIRMED,
186,0x14dC79964da2C08b23698B3D3cc7Ca32193d9955,9,0x9fcee2522c513d71d36b348a224664ee37a1932c5c0ace9a77559d36b3c228e1,1789648631297,1789648631303,1789648642964,11667,996,185022,CONFIRMED,
187,0x23618e81E3f5cdF7f54C3d65f7FBc0aBf5B21E8f,9,0xc9b60b9434c552b2dac355142702f999770a953b06212a92f1566030371a4155,1789648631407,1789648631417,1789648642966,11559,996,185022,CONFIRMED,
188,0xa0Ee7A142d267C1f36714E4a8F75612F20a79720,9,0xe6d6a99eaca0595d9080ea632e184588f4e8feddfd13997d64db06166e6ba308,1789648631513,1789648631538,1789648642968,11455,996,185010,CONFIRMED,
189,0xBcd4042DE499D14e55001CcbB24a551F3b954096,9,0x55b51e27d2990a22362938706b4662d7738657f27a1d32864c788d5c83e1f20e,1789648631607,1789648631613,1789648642970,11363,996,185010,CONFIRMED,
190,0x71bE63f3384f5fb98995898A86B02Fb2426c5788,9,0xe593f67d2adef9cc61e06b198989b36f0826fc3a5428f19fe41fc01308a8311a,1789648631704,1789648631719,1789648642972,11268,996,185022,CONFIRMED,
191,0xFABB0ac9d68B0B445fB7357272Ff202C5651694a,9,0x1141a6eaf63b90e3fc895231aeaeaebb2a25600d3cad500f2e1fb9bd448453f0,1789648631799,1789648631809,1789648642973,11174,996,185022,CONFIRMED,
192,0x1CBd3b2770909D4e10f157cABC84C7264073C9Ec,9,0xf5ea898a02444eb6fa62104f69571aaa65b01440881347223ad21f3c88dd3f23,1789648631894,1789648631904,1789648642975,11081,996,185022,CONFIRMED,
193,0xdF3e18d64BC6A983f673Ab319CCaE4f1a57C7097,9,0xd318bfb29a18a8a0a7a27aa343321aa91698e9f1f9f6bd0b91b1b23537165e41,1789648632005,1789648632011,1789648642977,10972,996,185022,CONFIRMED,
194,0xcd3B766CCDd6AE721141F452C550Ca635964ce71,9,0xd9ab7b182c72097bc29503bee311469607c771a3204173664d3e1a6d7889164d,1789648632101,1789648632114,1789648642979,10878,996,185022,CONFIRMED,
195,0x2546BcD3c84621e976D8185a91A922aE77ECEc30,9,0xabad212bfd046545c10450fbc2e97e4485ee91262ad47eebbc7a4d535715c639,1789648632196,1789648632210,1789648642981,10785,996,185010,CONFIRMED,
196,0xbDA5747bFD65F08deb54cb465eB87D40e51B197E,9,0x87c39f96810b66631d9b3dcc8fe631baaff0d73a542a2f23a9d4ae0c8f8775b3,1789648632307,1789648632323,1789648642985,10678,996,185010,CONFIRMED,
197,0xdD2FD4581271e230360230F9337D5c0430Bf44C0,9,0x462940f7a5c4786dfcf8524ed6acfe98b1ba7d0d006354a59e43c97b92ec64ac,1789648632402,1789648632416,1789648642988,10586,996,185022,CONFIRMED,
198,0x8626f6940E2eb28930eFb4CeF49B2d1F2C9C1199,9,0x8dc6448b07aa86756f896cf75b230e2f23fc1dfa97271af2d087873955a23768,1789648632496,1789648632512,1789648642990,10494,996,185022,CONFIRMED,
199,0x09DB0a93B389bEF724429898f539AEB7ac2Dd55f,9,0x206dba37c195e7efbb31403a0d0efc579c82c36e0637ef1bdf90485e6440055e,1789648632606,1789648632612,1789648642993,10387,996,185010,CONFIRMED,
200,0x70997970C51812dc3A010C7d01b50e0d17dc79C8,10,0xa38fb63b43633a8967ee31672179821608c4c459dd5a0e50c939fb31c77d1a1b,1789648632702,1789648632766,1789648642994,10292,997,185010,CONFIRMED,
201,0x3C44CdDdB6a900fa2b585dd299e03d12FA4293BC,10,0x823b947d898db53185ac4c575030bd8e1ea2b0c5703ec3c7757b255a3805b62d,1789648632796,1789648632802,1789648642996,10200,997,185010,CONFIRMED,
202,0x90F79bf6EB2c4f870365E785982E1f101E93b906,10,0x061f6f2cef6b296c12662a6222123eb3e87649bfd1e74b8fa5d6b14bf12026e2,1789648632907,1789648632920,1789648642999,10092,997,185022,CONFIRMED,
203,0x15d34AAf54267DB7D7c367839AAf71A00a2C6A65,10,0xc761ced00e94ccd7a4ddf601dd3b571a3d71e557907c0ce2f30019584d27c8a4,1789648633001,1789648633012,1789648643002,10001,997,184998,CONFIRMED,
204,0x9965507D1a55bcC2695C58ba16FB37d819B0A4dc,10,0xea6728e408fc75757d136f614c2c123e45f2ac8b8029543d6c4b018edf1c540c,1789648633096,1789648633111,1789648643005,9909,997,185010,CONFIRMED,
205,0x976EA74026E726554dB657fA54763abd0C3a0aa9,10,0x0f42332c403bdbc6fc8805d6ed60d20b2c32730201b5492370ce8b4dfa14d28e,1789648633206,1789648633222,1789648643007,9801,997,184998,CONFIRMED,
206,0x14dC79964da2C08b23698B3D3cc7Ca32193d9955,10,0x38f9cbaf4b0e1c8844468a9de64e91518fe50eee480eb316dae7c78e83b57079,1789648633301,1789648633306,1789648643010,9709,997,185010,CONFIRMED,
207,0x23618e81E3f5cdF7f54C3d65f7FBc0aBf5B21E8f,10,0x6c66b1ebef3c68dda3ef60bd31185f6095e66ccc29f9775f63698e9d6e2a99cd,1789648633396,1789648633413,1789648643012,9616,997,185022,CONFIRMED,
208,0xa0Ee7A142d267C1f36714E4a8F75612F20a79720,10,0x805e1e93fd4abfe45ecfc76910a3bcdccd1d6dc880aa085c9559619741a821aa,1789648633507,1789648633516,1789648643014,9507,997,185010,CONFIRMED,
209,0xBcd4042DE499D14e55001CcbB24a551F3b954096,10,0x76019b8174f90246e8cb445c2648221b21d49c572385bb50d4de8277b25910f5,1789648633602,1789648633609,1789648643018,9416,997,185010,CONFIRMED,
210,0x71bE63f3384f5fb98995898A86B02Fb2426c5788,10,0xf4fd85713313aba865008172f39e16530d2f9b2913bfb0fd2683ebad6356f2ac,1789648633697,1789648633705,1789648643020,9323,997,185022,CONFIRMED,
211,0xFABB0ac9d68B0B445fB7357272Ff202C5651694a,10,0x02679dd0ea887dd964d0625f38d35754078072b007c268a9aac11c617281dadc,1789648633801,1789648633806,1789648643022,9221,997,185022,CONFIRMED,
212,0x1CBd3b2770909D4e10f157cABC84C7264073C9Ec,10,0x7c503503241e396fefa30c2bb470c621f56eb99b40014c802d0bba6dabfecf42,1789648633895,1789648633901,1789648643024,9129,997,185022,CONFIRMED,
213,0xdF3e18d64BC6A983f673Ab319CCaE4f1a57C7097,10,0x7b0818bd9f6cf5a88382780d7fe89a44a5bffd31d6c2cc9b7ce0720d375cabb9,1789648634006,1789648634015,1789648643026,9020,997,185010,CONFIRMED,
214,0xcd3B766CCDd6AE721141F452C550Ca635964ce71,10,0x16013ec98388a6af4860331b834bcb2b87404ac586abd4a11d0216e93fc30424,1789648634100,1789648634105,1789648643028,8928,997,185022,CONFIRMED,
215,0x2546BcD3c84621e976D8185a91A922aE77ECEc30,10,0x5b00841bca5ac21cf9d30c1d96547dec2c22249240be041ba7a7651448b5d92f,1789648634194,1789648634204,1789648643030,8836,997,185022,CONFIRMED,
216,0xbDA5747bFD65F08deb54cb465eB87D40e51B197E,10,0xf623eb7e6e3118984038931dfaf7c6667d1b1f8c31d5c11a9eb6a7105ead21a6,1789648634306,1789648634315,1789648643036,8730,997,185010,CONFIRMED,
217,0xdD2FD4581271e230360230F9337D5c0430Bf44C0,10,0xc73fd6154edecd7bc354b595c8c66b47dad8757d327f4f21970d89c8809aa9d8,1789648634401,1789648634416,1789648643038,8637,997,185022,CONFIRMED,
218,0x8626f6940E2eb28930eFb4CeF49B2d1F2C9C1199,10,0xd6d37305ad5e34cb0edcccddd909f4f0d82bd03d42507c071e8c3a275a7bd242,1789648634498,1789648634512,1789648643040,8542,997,185022,CONFIRMED,
219,0x09DB0a93B389bEF724429898f539AEB7ac2Dd55f,10,0x4d5a48cd4fd5c6b6e478a80a7898dfc67f4008c6cecb3e2b6ea770be8937e8ae,1789648634608,1789648634614,1789648643042,8434,997,185022,CONFIRMED,
220,0x70997970C51812dc3A010C7d01b50e0d17dc79C8,11,0xcbe6db258599c919f90a6293882d77296de9a53065e08b31e143fc5a9a306691,1789648634704,1789648634764,1789648643044,8340,998,185010,CONFIRMED,
221,0x3C44CdDdB6a900fa2b585dd299e03d12FA4293BC,11,0xf202ff36eea9225756b289baae5b67eb212a874c32905f3d691731977b7f5f0f,1789648634799,1789648634808,1789648643046,8247,998,184998,CONFIRMED,
222,0x90F79bf6EB2c4f870365E785982E1f101E93b906,11,0xd9230e1a813b8213e326c99a351876c00c0ffdebe2a7a6dba75789af95c5bcb7,1789648634908,1789648634917,1789648643047,8139,998,185022,CONFIRMED,
223,0x15d34AAf54267DB7D7c367839AAf71A00a2C6A65,11,0xe5323c3555a071fb5c5ac02185cd0fb82298a32ae5e48baa0a48f4c526341db1,1789648635003,1789648635011,1789648643050,8047,998,185022,CONFIRMED,
224,0x9965507D1a55bcC2695C58ba16FB37d819B0A4dc,11,0xcf24cbce85a279dc7621dc8f1f3eecb0d7f338e729dd5c951b77bda8b7468f52,1789648635098,1789648635106,1789648643052,7954,998,185022,CONFIRMED,
225,0x976EA74026E726554dB657fA54763abd0C3a0aa9,11,0xc8950dfdf57f9eb4ac9ff05572db22206035f2c482b42d9ec9d6085a6c72c946,1789648635208,1789648635217,1789648643054,7846,998,185022,CONFIRMED,
226,0x14dC79964da2C08b23698B3D3cc7Ca32193d9955,11,0x3338b9b2f186b042d825bec2ec74bbc4c88fab61aa915098fdfda5603abffb8a,1789648635304,1789648635318,1789648643056,7752,998,185022,CONFIRMED,
227,0x23618e81E3f5cdF7f54C3d65f7FBc0aBf5B21E8f,11,0x3c187d8ada89cfbad117ac63a26a405c0c17fa3f875407b8d595539e03080335,1789648635398,1789648635414,1789648643058,7660,998,185022,CONFIRMED,
228,0xa0Ee7A142d267C1f36714E4a8F75612F20a79720,11,0x409cb45c2485bb1a41c7146296c6dd8842a81fd7f93d054d752315f2f68d7dc4,1789648635494,1789648635513,1789648643059,7565,998,185010,CONFIRMED,
229,0xBcd4042DE499D14e55001CcbB24a551F3b954096,11,0x766f59e62dd79deabdcee1035f5a7cf78b3f43a7dc5ab0c98e3e7592a4ba39fe,1789648635605,1789648635611,1789648643061,7456,998,185010,CONFIRMED,
230,0x71bE63f3384f5fb98995898A86B02Fb2426c5788,11,0x33312589147d43d498d47314cfac35d6d327d3103a38471c0b12ee98247197b6,1789648635701,1789648635708,1789648643063,7362,998,185022,CONFIRMED,
231,0xFABB0ac9d68B0B445fB7357272Ff202C5651694a,11,0xf74f3772ce6ff4d71c7f291ac2ff6ed40daa926d7f0ba41dfb5603179e5b5c61,1789648635796,1789648635804,1789648643065,7269,998,185022,CONFIRMED,
232,0x1CBd3b2770909D4e10f157cABC84C7264073C9Ec,11,0x00e47a69a15ea28ecee119cf1b2e1f6d5fa06bd2cf588905325d19d1aecd4e74,1789648635907,1789648635914,1789648643068,7161,998,185022,CONFIRMED,
233,0xdF3e18d64BC6A983f673Ab319CCaE4f1a57C7097,11,0x658043337b3b1165266debd5b8983b61c18bb27129d001791c760d62b3683cd4,1789648636001,1789648636016,1789648643070,7069,998,185022,CONFIRMED,
234,0xcd3B766CCDd6AE721141F452C550Ca635964ce71,11,0xeb624c031c753c413fc96ec6b50e52dd8ff166a5b562f21fe07a9ef84056cedf,1789648636096,1789648636113,1789648643072,6976,998,185022,CONFIRMED,
235,0x2546BcD3c84621e976D8185a91A922aE77ECEc30,11,0x443bdd4d6fe4ce64da634a325572e8e940fe883311b1bd9fa250ccc24a9b91c6,1789648636207,1789648636213,1789648643074,6867,998,185022,CONFIRMED,
236,0xbDA5747bFD65F08deb54cb465eB87D40e51B197E,11,0x4c6af64339dcb7f138e50fbaed523ba790e26987f3b5c9c452d93a0f11369baf,1789648636301,1789648636309,1789648643075,6774,998,185010,CONFIRMED,
237,0xdD2FD4581271e230360230F9337D5c0430Bf44C0,11,0x603ad8059675b2157d74990a07a524a4cea64e81a5c162368f88ffe355849bc6,1789648636396,1789648636411,1789648643076,6680,998,185010,CONFIRMED,
238,0x8626f6940E2eb28930eFb4CeF49B2d1F2C9C1199,11,0x3b911c3e16af73fb91cb4a96645b3393d44cd837b114e18aef409004b8a0785a,1789648636506,1789648636525,1789648643078,6572,998,185022,CONFIRMED,
239,0x09DB0a93B389bEF724429898f539AEB7ac2Dd55f,11,0x3e8c2a7c772dd7a02411ba35ec5ab7dc9e869faec330d334108df8057d1308fe,1789648636600,1789648636609,1789648643079,6479,998,185010,CONFIRMED,
240,0x70997970C51812dc3A010C7d01b50e0d17dc79C8,12,0x27992945e175fe5000f85cbe2b4f51ced8003d21eb42e88114735a60707a906f,1789648636695,1789648636701,1789648643081,6386,998,185010,CONFIRMED,
241,0x3C44CdDdB6a900fa2b585dd299e03d12FA4293BC,12,0xef19795f711f9ba310d0f26f4661ee4e9fd338aaac51406fd35a3a777341a66e,1789648636808,1789648636820,1789648643084,6276,999,185010,CONFIRMED,
242,0x90F79bf6EB2c4f870365E785982E1f101E93b906,12,0x28e253785a4334f9205989aad238ae8d6e2ab7d2b5f605d8bdb0c352c32f0887,1789648636903,1789648636917,1789648643086,6183,999,185022,CONFIRMED,
243,0x15d34AAf54267DB7D7c367839AAf71A00a2C6A65,12,0x1889587033c677e7a10b2fa1cf0a952c35e2244d687063050e8e65fc3869b3e7,1789648636997,1789648637013,1789648643087,6090,999,185010,CONFIRMED,
244,0x9965507D1a55bcC2695C58ba16FB37d819B0A4dc,12,0x76c3ae95b3471210f16534314b9e976b91e189d95c113b3834deb39c21dcd5f2,1789648637108,1789648637125,1789648643089,5981,999,185022,CONFIRMED,
245,0x976EA74026E726554dB657fA54763abd0C3a0aa9,12,0x92ecc15cb1647bacc6cb532c6274f9a82f0b6f6111924ea956fbe66fcb58c764,1789648637203,1789648637220,1789648643091,5888,999,185022,CONFIRMED,
246,0x14dC79964da2C08b23698B3D3cc7Ca32193d9955,12,0xfca5d7b7e1b3d70ef48bf262c025678c574e036984b209cbaeb4121e990c9a85,1789648637297,1789648637304,1789648643092,5795,999,185022,CONFIRMED,
247,0x23618e81E3f5cdF7f54C3d65f7FBc0aBf5B21E8f,12,0xb5a80e22f839d431153eacb48fae0a8562abedbd6e707a455d59b2273d35fd76,1789648637410,1789648637424,1789648643094,5684,999,185022,CONFIRMED,
248,0xa0Ee7A142d267C1f36714E4a8F75612F20a79720,12,0x53a0b74ddbbb657e1e2b9c4b32b6433580ab2831a7abd26450284ac77f66c80b,1789648637504,1789648637519,1789648643096,5592,999,185010,CONFIRMED,
249,0xBcd4042DE499D14e55001CcbB24a551F3b954096,12,0x0116fd04b41b76743ecd25548563ccd49708e4ce163ad63f9359433cbb1f505b,1789648637600,1789648637607,1789648643098,5498,999,185010,CONFIRMED,
250,0x71bE63f3384f5fb98995898A86B02Fb2426c5788,12,0xeb97a174189ea0ee837494ef696c7a7a990d57a0673444f6f7cb1e8ea8642b86,1789648637695,1789648637701,1789648643101,5406,999,185010,CONFIRMED,
251,0xFABB0ac9d68B0B445fB7357272Ff202C5651694a,12,0xfbc4f6ad9e3a1797332fee80fc6921481197364a37517716af97aba7ab6306c6,1789648637806,1789648637821,1789648643103,5297,999,184998,CONFIRMED,
252,0x1CBd3b2770909D4e10f157cABC84C7264073C9Ec,12,0xa9dc3613217c6faadfd19b8954904d20b3d02a23aee3b217cd841878a3a50468,1789648637902,1789648637921,1789648643105,5203,999,185022,CONFIRMED,
253,0xdF3e18d64BC6A983f673Ab319CCaE4f1a57C7097,12,0x4f13fc5a23595a69234201d032186c09b4653c10f28299e63e0fad9aa1ad9250,1789648637997,1789648638013,1789648643107,5110,999,185022,CONFIRMED,
254,0xcd3B766CCDd6AE721141F452C550Ca635964ce71,12,0xdd70c8f699436beff5f340a2a57d481ae3713f8cd61ea5d7b1960dd5ef3a1a49,1789648638108,1789648638125,1789648643109,5001,999,185022,CONFIRMED,
255,0x2546BcD3c84621e976D8185a91A922aE77ECEc30,12,0x0ea0a539be3b0f3f86879c66dba1b7912a1e617229f1b30ac3167169fa35be60,1789648638203,1789648638219,1789648643111,4908,999,185022,CONFIRMED,
256,0xbDA5747bFD65F08deb54cb465eB87D40e51B197E,12,0x32499dff5676832d318c0ae7bcd89dab87f17efc882f5a1af5f56e38ec453245,1789648638297,1789648638308,1789648643113,4816,999,185022,CONFIRMED,
257,0xdD2FD4581271e230360230F9337D5c0430Bf44C0,12,0xda5666799f6c4fd5016fc64f49b65cf9c35fa00cc6ff0fe47646047e209ef4db,1789648638407,1789648638423,1789648643115,4708,999,185022,CONFIRMED,
258,0x8626f6940E2eb28930eFb4CeF49B2d1F2C9C1199,12,0x928ad4cfe099f4267afe4b88ec01c2b36dfa8bd8094e084f6248914b1d7f82a0,1789648638503,1789648638519,1789648643118,4615,999,185022,CONFIRMED,
259,0x09DB0a93B389bEF724429898f539AEB7ac2Dd55f,12,0x03234e3ba4be7ebc0940e97de5040a90480b7e716c6700358b858596c65a13df,1789648638597,1789648638605,1789648643119,4522,999,185010,CONFIRMED,
260,0x70997970C51812dc3A010C7d01b50e0d17dc79C8,13,0x850ed5ac34f98683df47eb7bf52b27f30a4036e402f0333d3c435ad61bff1f80,1789648638693,1789648638704,1789648643121,4428,999,185010,CONFIRMED,
261,0x3C44CdDdB6a900fa2b585dd299e03d12FA4293BC,13,0xbe8b8fcc30e77aec65c8bf69f5e335f263134566747cddd27a4e7caebbae5bc4,1789648638804,1789648638809,1789648643122,4318,1000,185010,CONFIRMED,
262,0x90F79bf6EB2c4f870365E785982E1f101E93b906,13,0x67cfbb3ca7675ab9a6c1dc53a648be9fc8c1d10a521e0b1ffc560046121612b1,1789648638898,1789648638913,1789648643124,4226,1000,185010,CONFIRMED,
263,0x15d34AAf54267DB7D7c367839AAf71A00a2C6A65,13,0xdcc27b953018dd36113048fedaacd7266e73af725285d3b879637dbc94510ccb,1789648639009,1789648639024,1789648643126,4117,1000,185022,CONFIRMED,
264,0x9965507D1a55bcC2695C58ba16FB37d819B0A4dc,13,0x6775a81f208acaf525453fd5c0c5939a4a1dcbddea1331022c017ae2096fcb71,1789648639104,1789648639120,1789648643127,4023,1000,184998,CONFIRMED,
265,0x976EA74026E726554dB657fA54763abd0C3a0aa9,13,0xb9f5af7a07c40c27704fb7c31e044ee27431cfd00869d977c74e5932ec1a4414,1789648639198,1789648639216,1789648643129,3931,1000,185022,CONFIRMED,
266,0x14dC79964da2C08b23698B3D3cc7Ca32193d9955,13,0x8449d23693207dcae38db1d43323d1bcccfee057b657cca6e081fc28296c3400,1789648639308,1789648639323,1789648643131,3823,1000,184998,CONFIRMED,
267,0x23618e81E3f5cdF7f54C3d65f7FBc0aBf5B21E8f,13,0xed3b70f0ae60dc430304945d40555f7fbbb6de0d704c9046bc0bf2dd7d634c65,1789648639402,1789648639408,1789648643134,3732,1000,185010,CONFIRMED,
268,0xa0Ee7A142d267C1f36714E4a8F75612F20a79720,13,0x69457faac4ef0809495fe4138e5c170aca129cdaf64baf5e41e6405f45eebf16,1789648639497,1789648639517,1789648643136,3639,1000,185010,CONFIRMED,
269,0xBcd4042DE499D14e55001CcbB24a551F3b954096,13,0x6caf9f57dc5f0734329af32674b8d1d9bd3518834efd4d8e98d5648e6061bb0b,1789648639607,1789648639613,1789648643138,3531,1000,185010,CONFIRMED,
270,0x71bE63f3384f5fb98995898A86B02Fb2426c5788,13,0x7724bdc6f213b685bc24e41075278b00902a6f778b0b2b3fedd94b2881440787,1789648639703,1789648639710,1789648643140,3437,1000,185022,CONFIRMED,
271,0xFABB0ac9d68B0B445fB7357272Ff202C5651694a,13,0x6883149392d2296f9b46a498978c7d6a42fdcde6db5bc3af86521ad70344dc04,1789648639799,1789648639813,1789648643142,3343,1000,185022,CONFIRMED,
272,0x1CBd3b2770909D4e10f157cABC84C7264073C9Ec,13,0x2b989f00d82487d6e55a37c0ad0b7fc472b207fe036a8eacbd74a457f867b766,1789648639895,1789648639911,1789648643145,3250,1000,185022,CONFIRMED,
273,0xdF3e18d64BC6A983f673Ab319CCaE4f1a57C7097,13,0x1e4ee559f2c3964ab406d8c92b1b2f3f0261303aa9b6714b2088160c5a3a4166,1789648640005,1789648640017,1789648643147,3142,1000,185022,CONFIRMED,
274,0xcd3B766CCDd6AE721141F452C550Ca635964ce71,13,0x5d40801595eaddf50bd6bf03fb5c0280dd0ccac90d904319d0c70287848fcc8a,1789648640099,1789648640113,1789648643150,3051,1000,185010,CONFIRMED,
275,0x2546BcD3c84621e976D8185a91A922aE77ECEc30,13,0x4d98637f530f87f129e0164a1f468544db8a5d2a8e59e06ab194963b899b733f,1789648640194,1789648640210,1789648643152,2958,1000,185022,CONFIRMED,
276,0xbDA5747bFD65F08deb54cb465eB87D40e51B197E,13,0xa55837074603649f40f1d37df54394290c3c95de469bd20b23cd0dee3b9e3608,1789648640304,1789648640312,1789648643154,2850,1000,185022,CONFIRMED,
277,0xdD2FD4581271e230360230F9337D5c0430Bf44C0,13,0x2d8e3b467026eab6d1eb0b4c4c926d39bece3fab8197ba6872583c38f7a51465,1789648640397,1789648640412,1789648643156,2759,1000,185022,CONFIRMED,
278,0x8626f6940E2eb28930eFb4CeF49B2d1F2C9C1199,13,0x96178aca67ed6aa72c6ed7d36ff3a4ead19f05e362af0d124ef12212608d98f6,1789648640493,1789648640508,1789648643159,2666,1000,185022,CONFIRMED,
279,0x09DB0a93B389bEF724429898f539AEB7ac2Dd55f,13,0xa90b6647155bea36825183473e4824c66f8d28203a2a33c122d5b2392b090c1c,1789648640603,1789648640610,1789648643160,2557,1000,185022,CONFIRMED,
280,0x70997970C51812dc3A010C7d01b50e0d17dc79C8,14,0x52664a3ae507fc894a54570273c3acd67c1e39780974576649a2e61605a283a8,1789648640698,1789648640712,1789648643162,2464,1000,185010,CONFIRMED,
281,0x3C44CdDdB6a900fa2b585dd299e03d12FA4293BC,14,0xce342f99e4ec4ad871952062ef1bf92afaeda9ecb879aa76ec7d8cae3da62251,1789648640807,1789648640817,1789648643164,2357,1001,185010,CONFIRMED,
282,0x90F79bf6EB2c4f870365E785982E1f101E93b906,14,0xdf8928f31671d9971435768761a70d7572aa8ea55282abdcfd747acb5a67c388,1789648640902,1789648640919,1789648643167,2265,1001,185010,CONFIRMED,
283,0x15d34AAf54267DB7D7c367839AAf71A00a2C6A65,14,0x418cb274ff9459b23c1c1ea07c2e4a766c315d0510770294d158a730ae6d36ac,1789648640995,1789648641010,1789648643169,2174,1001,185022,CONFIRMED,
284,0x9965507D1a55bcC2695C58ba16FB37d819B0A4dc,14,0x24d2ebb6d74de7031cced63af977dc96942467b0976419f159ed563b59e99d4a,1789648641106,1789648641121,1789648643170,2064,1001,185022,CONFIRMED,
285,0x976EA74026E726554dB657fA54763abd0C3a0aa9,14,0xbe19406f8e4141d4a474176c9bd3bf0c28f446f50c5ac4e09b16fbf800fa38fd,1789648641200,1789648641214,1789648643172,1972,1001,185022,CONFIRMED,
286,0x14dC79964da2C08b23698B3D3cc7Ca32193d9955,14,0x81da884067768511c52bd10789585ab21f1ed69f700110738a58e1225058925f,1789648641294,1789648641308,1789648643173,1879,1001,185022,CONFIRMED,
287,0x23618e81E3f5cdF7f54C3d65f7FBc0aBf5B21E8f,14,0x1267dc3270ab842c764b32e9ad779f7f3a509085f4414390df9e0badb436750b,1789648641404,1789648641411,1789648643175,1771,1001,185022,CONFIRMED,
288,0xa0Ee7A142d267C1f36714E4a8F75612F20a79720,14,0xbcb26778c75af3ce2127c856b3ce6a40a2ca04f6d120dc4d1eb388e190d4aa74,1789648641499,1789648641509,1789648643176,1677,1001,185010,CONFIRMED,
289,0xBcd4042DE499D14e55001CcbB24a551F3b954096,14,0xa6b480943393a95e933b28e9aae8d34dd960c186dd54e68b1a07c2772f209ace,1789648641594,1789648641609,1789648643178,1584,1001,185010,CONFIRMED,
290,0x71bE63f3384f5fb98995898A86B02Fb2426c5788,14,0x6b2c3b7678d9b68561d08aa260de3d78bc2a0d3d6bdf3e5a6f85597b4e2677cb,1789648641704,1789648641717,1789648643179,1475,1001,185010,CONFIRMED,
291,0xFABB0ac9d68B0B445fB7357272Ff202C5651694a,14,0x578402d88a05d7168882372c80bf8ca31525f7752fdee4ee4430f4ccdcbe78b3,1789648641799,1789648641811,1789648643181,1382,1001,185022,CONFIRMED,
292,0x1CBd3b2770909D4e10f157cABC84C7264073C9Ec,14,0x24f21ff126952309ea4228b2ca3be189038957c0b783906d1219dffb46ad1757,1789648641894,1789648641907,1789648643184,1290,1001,185022,CONFIRMED,
293,0xdF3e18d64BC6A983f673Ab319CCaE4f1a57C7097,14,0xd1b7b6e533768dbee481ed60cc17b8ecdfb5d5d3d60b9acd8b2a385bab0c4db4,1789648642005,1789648642019,1789648643185,1180,1001,185022,CONFIRMED,
294,0xcd3B766CCDd6AE721141F452C550Ca635964ce71,14,0xf0fd5fe1280ef1d18b59bc9b33de8a5b12d4e57d5a23bc8330e69b664f1c5caf,1789648642100,1789648642116,1789648643187,1087,1001,185010,CONFIRMED,
295,0x2546BcD3c84621e976D8185a91A922aE77ECEc30,14,0x749854783544327e4a8fe8d565054f05b1b4fde0df41fb9829eb1d2b3b1fa988,1789648642195,1789648642210,1789648643188,993,1001,185022,CONFIRMED,
296,0xbDA5747bFD65F08deb54cb465eB87D40e51B197E,14,0x1411df730c247855c377ffc5e4e13eb00b68496947bf52f343c20d786bee8573,1789648642306,1789648642320,1789648643190,884,1001,185010,CONFIRMED,
297,0xdD2FD4581271e230360230F9337D5c0430Bf44C0,14,0x991199c215756645d39e5bfa60e08212c9e2b74026b89be61b6b6203ff1ef5b9,1789648642401,1789648642416,1789648643194,793,1001,185022,CONFIRMED,
298,0x8626f6940E2eb28930eFb4CeF49B2d1F2C9C1199,14,0x3d0c2f465318cc8674e68b15a2fca319e2d1d2a1f97a2d7e3b51964b1acfa299,1789648642495,1789648642510,1789648643195,700,1001,185022,CONFIRMED,
299,0x09DB0a93B389bEF724429898f539AEB7ac2Dd55f,14,0xf8bdc91efcc1ccd15ebe018d4a0eb829b1c926963b62a5d650a3d01d4d0eca2b,1789648642606,1789648642614,1789648643197,591,1001,185010,CONFIRMED,
